"cycle","Q_dch_3p8_3p4","SoH"
"0","0.9875663389057768","0.9671984390343619"
"1","1.021313879297005","1.0"
"2","1.006215319060462","0.9816744774409385"
"3","0.9790313674888198","0.9625379821245411"
"4","1.0015094401477835","0.984388506330064"
"5","0.9902593555276852","0.9734543443854099"
"6","0.956507784190924","0.9515846923342566"
"7","0.9677631161948537","0.9625202771548068"
"8","0.9677495433778192","0.9515729695813528"
"9","0.9676874812954985","0.9515141181745337"
"10","0.9564813434831901","0.9515525638856918"
"11","0.9902595515216752","0.9625115934461251"
"12","0.9677404614534074","0.9625026707634513"
"13","0.967713872426086","0.9406019765446642"
"14","0.9564534385911085","0.940594815047508"
"15","0.9565009211422876","0.9406387583780292"
"16","0.9452208095178422","0.9406139394377999"
"17","0.9789900354712477","0.9625000148574223"
"18","0.9677322351477212","0.9515583544290087"
"19","0.9339879823419162","0.9296928733758993"
"20","0.9451986634087128","0.9296546198343069"
"21","0.9451910946458681","0.9296472646530833"
"22","0.9452056678286236","0.9296693257671615"
"23","0.9564541948674661","0.9296577588674954"
"24","0.9564685735468649","0.9406152163309253"
"25","0.9677206823426402","0.951542160269488"
"26","0.9564602540236794","0.9406063999637705"
"27","0.9564553128622679","0.9515329452459785"
"28","0.9564239200220133","0.9405725475947481"
"29","0.956449653815685","0.9405975596532757"
"30","0.9564606123841886","0.9405975596532752"
"31","0.9564855851377878","0.9406310221547226"
"32","0.9564420850528405","0.9405773539518903"
"33","0.9452137997523985","0.9406078628812058"
"34","0.9452190990683933","0.9406137559109193"
"35","0.945197150050145","0.9405887315975864"
"36","0.9452092592826941","0.9406034634059434"
"37","0.945176352278019","0.9405600792461954"
"38","0.9452262726555475","0.9406063959334844"
"39","0.9339442824080794","0.9077906122561319"
"40","0.933932931815895","0.9187102176631698"
"41","0.9339552407706571","0.9187091080138443"
"42","0.9339102257332869","0.9186767516967017"
"43","0.9338996334053162","0.9186877454382772"
"44","0.9564212794012079","0.9296485438439845"
"45","0.9114120621575663","0.8968302034826383"
"46","0.9226940510349555","0.9187076481580976"
"47","0.9339177927136835","0.907752749475777"
"48","0.9339427493823071","0.9077542240837592"
"49","0.9339102288852963","0.9186752780563099"
"50","0.9226705947746006","0.918681175681575"
"51","0.9451665103342384","0.929642659439104"
"52","0.9452981965637042","0.9297691872447288"
"53","0.9564518254065963","0.9515270034141408"
"54","0.9789329749508437","0.9624460003659923"
"55","0.9677093296819496","0.9515346194459103"
"56","0.9564668625064789","0.9515390319507054"
"57","0.9452017874715642","0.9405947156074635"
"58","0.9564603434805758","0.9296637340687285"
"59","0.956434613644637","0.9296387220278017"
"60","0.9339101238211152","0.9077452885460611"
"61","0.945206330117071","0.94060060117808"
"62","0.9452025461296499","0.9405961879161603"
"63","0.9339261155953217","0.9077600969992566"
"64","0.9338867613864649","0.918658902867338"
"65","0.9339109813246048","0.9186765589787169"
"66","0.9226546932806053","0.9186793097118866"
"67","0.9226336990175251","0.9077203747784385"
"68","0.922651106966142","0.9186780301211747"
"69","0.9338875186567506","0.9077233174636684"
"70","0.9226554485630347","0.8967995016346787"
"71","0.9226425840480563","0.9077304814587577"
"72","0.922608362163624","0.9076957481558808"
"73","0.9226372859140651","0.9077189011380482"
"74","0.9338860049041816","0.9077317554878356"
"75","0.9226618999310044","0.9186855787858059"
"76","0.9226244209872352","0.9077071395882339"
"77","0.9338905433860297","0.9077262536211828"
"78","0.9226668021191532","0.9077582488460082"
"79","0.922657358467372","0.9186797031717168"
"80","0.9226607469029517","0.9186851948816875"
"81","0.9226232998404238","0.9077247748199738"
"82","0.9226592339383852","0.9077424416543074"
"83","0.9226440989826289","0.9077247895722085"
"84","0.9113969228504639","0.9077398865011581"
"85","0.9226425836540552","0.907724788040358"
"86","0.9226316240916236","0.9077218351984456"
"87","0.9113935039394224","0.9077336115004955"
"88","0.9113806382245901","0.9077189057336005"
"89","0.9114252899675113","0.9077630471435839"
"90","0.9001765703953182","0.8749461813882079"
"91","0.8888972140533021","0.8858653916029052"
"92","0.9001334290470308","0.8858477242033055"
"93","0.9001307929477965","0.8858308293734545"
"94","0.90014929872986","0.896804257836158"
"95","0.9113917657911791","0.896795607627972"
"96","0.9226314022659143","0.9077181426129456"
"97","0.9226614557870199","0.9077466184223125"
"98","0.9114022881500811","0.9077406860212449"
"99","0.900147053805154","0.8968022527681628"
"100","0.9002918105055061","0.8969451626387377"
"101","0.9115363491595619","0.8969346701394862"
"102","0.9002938852433322","0.886012329900402"
"103","0.9340379378735088","0.9078717293837041"
"104","0.9115626458994424","0.8969624369609666"
"105","0.9228123180687221","0.8969584045394653"
"106","0.9003279420883499","0.8751017594009515"
"107","0.9002789440205218","0.8859948638262699"
"108","0.9002923726727668","0.8750693881666206"
"109","0.8890501003047555","0.864141347398301"
"110","0.9227894166593129","0.8969361455118843"
"111","0.9115461913180641","0.896946441080561"
"112","0.9003126098536369","0.8750897940450866"
"113","0.8890219009672808","0.8750532033978574"
"114","0.8890427294207944","0.8750741836006513"
"115","0.8890410166073384","0.8860095877747135"
"116","0.8777885144178031","0.8641395021080939"
"117","0.9115630390872765","0.8969685133163974"
"118","0.9003044828813938","0.8969582233098574"
"119","0.90028631726849","0.896940566633213"
"120","0.9115634008057208","0.8969567266927115"
"121","0.9115717268388511","0.8969596969502482"
"122","0.9115459946211841","0.8969405518809778"
"123","0.9115637937027754","0.8969729189210752"
"124","0.911573243161353","0.8969670416091765"
"125","0.911547901767513","0.8969538023886848"
"126","0.9003286995645613","0.8969817485086146"
"127","0.9003264277537043","0.8969802779309196"
"128","0.9115649163402203","0.8969596856620267"
"129","0.9115929207448951","0.8969975593292837"
"130","0.9115679446333605","0.8969626206880031"
"131","0.9115823244769126","0.8969773398422477"
"132","0.9115596174003764","0.8969538029539506"
"133","0.8665534197828836","0.8641527378645714"
"134","0.8777775558492996","0.8750638842018441"
"135","0.877811220706337","0.8750973511348964"
"136","0.8777915476448834","0.8641325340953488"
"137","0.866534526999005","0.8641457734797875"
"138","0.9115429762802604","0.8860091885530921"
"139","0.9002783619984984","0.8969199699347267"
"140","0.8665390397339231","0.8531937985362288"
"141","0.8665254224702302","0.8531820410156946"
"142","0.877749165724963","0.8640928040151205"
"143","0.8777264450469778","0.8640876112564297"
"144","0.8889019007961583","0.8749362087191155"
"145","0.9226381905995853","0.9077247403308893"
"146","0.9226281051487119","0.9077245016354437"
"147","0.8776748877876283","0.8749604136030158"
"148","0.8888972163277342","0.8858624468205587"
"149","0.9001599197080618","0.8858769673285654"
"150","0.9001440247152156","0.8858622516048924"
"151","0.8776416849585561","0.8639896127185442"
"152","0.9114032436036763","0.8968082364124276"
"153","0.9001651198965394","0.8968198140523994"
"154","0.877657380093717","0.8530685470569561"
"155","0.8776114091191751","0.8749001845318358"
"156","0.877617663190338","0.8639647910802261"
"157","0.8776244738948945","0.8639721485592253"
"158","0.866419648965562","0.8640175628320489"
"159","0.9001402425095957","0.8858593121832692"
"160","0.9114061725633736","0.8858767771085132"
"161","0.9001462990958761","0.8858651998515044"
"162","0.9001366512614509","0.8858536122376559"
"163","0.9001243481076219","0.8858445987571201"
"164","0.9001697591086849","0.8858872661611009"
"165","0.9001637048864116","0.8858742160296267"
"166","0.9001402423215202","0.8858650188220539"
"167","0.9001568949698574","0.8858797220915194"
"168","0.9001576498761359","0.8858697997040061"
"169","0.900175419149196","0.8858870719112657"
"170","0.8889002433403705","0.8858698058314088"
"171","0.8889104430625836","0.8858782484511284"
"172","0.8888949440243757","0.8858683214680623"
"173","0.9001761764194817","0.885885598270874"
"174","0.9001531086184291","0.8749454130147035"
"175","0.866392964786436","0.863992355026536"
"176","0.8776379013651361","0.8639809789126914"
"177","0.8776345091954701","0.8530485227848331"
"178","0.86639562742112","0.8639971588852426"
"179","0.8663767074840143","0.8530367495454787"
"180","0.9001546223709981","0.8749354860316386"
"181","0.9001500826892961","0.8749325571330645"
"182","0.855194954125521","0.8531080742630194"
"183","0.8663952368032187","0.8421226664844198"
"184","0.8663630868629035","0.8530205686073481"
"185","0.8663929653685126","0.8530525588353026"
"186","0.8664747119467292","0.8531334987625449"
"187","0.8889645772241056","0.8750130892138547"
"188","0.9002465781279736","0.8750020903104545"
"189","0.8552433865341461","0.8422153338624601"
"190","0.8664422024817516","0.8531217035140259"
"191","0.8777029887855881","0.864044232092547"
"192","0.8552237063801537","0.8531261039548674"
"193","0.8665382917121881","0.8531937883795463"
"194","0.8776650980626517","0.8749501624799492"
"195","0.9115476067714432","0.8860092899858385"
"196","0.9115407951311337","0.8860034054770451"
"197","0.8777513809740776","0.8531599144632799"
"198","0.8777748424554658","0.8750590388568129"
"199","0.8889488771556514","0.8749800165246634"
"200","0.9001728851503382","0.8968273617514514"
"201","0.9001779861934484","0.885895998040604"
"202","0.888915937884659","0.8858814777154024"
"203","0.9001855541593654","0.8749648264646215"
"204","0.9001862099383854","0.8859032526507484"
"205","0.900179401803503","0.8858973736073457"
"206","0.9001831851909972","0.8749617880035186"
"207","0.9001551821564013","0.8749353055684588"
"208","0.9001839438492122","0.8749647331866812"
"209","0.8889462131329088","0.8859152207047014"
"210","0.9001899966835561","0.8749706160592083"
"211","0.9001862129020608","0.8749662029974454"
"212","0.8889467731063875","0.8749809144914305"
"213","0.9001667327855507","0.8749487388381267"
"214","0.8889356186468568","0.8859078664895599"
"215","0.9001977629312832","0.8749766872548274"
"216","0.9001750576366774","0.8749447117781027"
"217","0.8889138663254885","0.8749531574615236"
"218","0.8664414056566441","0.8421668103928386"
"219","0.8664160644687299","0.864016277348791"
"220","0.8776662958056356","0.8530893228542384"
"221","0.8663895741927748","0.8530584436404957"
"222","0.8664028037841328","0.8421285493574496"
"223","0.8776768627623096","0.8749630809795691"
"224","0.8889437464071024","0.8640251176592861"
"225","0.866399776278995","0.8530683445820988"
"226","0.866394874296772","0.8530702051903101"
"227","0.877639051823256","0.8530628589995313"
"228","0.8776742288568574","0.8530849268409778"
"229","0.8551438825018703","0.8530569613742661"
"230","0.8213841346335701","0.8093017679082345"
"231","0.8776484942751833","0.8749340144893698"
"232","0.8888979695416573","0.8640055821581805"
"233","0.8551646784920659","0.8421373595972019"
"234","0.866378979500797","0.8421182522569215"
"235","0.8551438840778751","0.8530540340075439"
"236","0.8663634460114149","0.8639658882750926"
"237","0.866365710730768","0.8420704563681106"
"238","0.8776212859081312","0.8530554948278619"
"239","0.8776643908530888","0.864005981780113"
"240","0.8663785908350514","0.842082240329414"
"241","0.8551185383678724","0.8530452007910355"
"242","0.8663884282567434","0.8530466591129193"
"243","0.8552108577949306","0.8421800553384078"
"244","0.866464257907533","0.8531246016574037"
"245","0.8776887567334537","0.8640368365739511"
"246","0.8552557048274159","0.8422304519679824"
"247","0.9003318983333237","0.8751063576264263"
"248","0.8890947048524523","0.8751239666200685"
"249","0.8890615989838261","0.8750917880685201"
"250","0.8552774830547989","0.8313171260532164"
"251","0.8665335720469658","0.8422571251104434"
"252","0.8552842972202537","0.8422615420191831"
"253","0.8440445615352493","0.8313425647984256"
"254","0.8553159346421793","0.8422915803428099"
"255","0.8890068632675361","0.8750371157540119"
"256","0.8777855371703885","0.875069434231147"
"257","0.8890703872419221","0.8641632752793356"
"258","0.8440175141087578","0.83130820529403"
"259","0.8552749158987879","0.8422524221886788"
"260","0.8440091841356157","0.8203651645205177"
"261","0.8552834392287251","0.8422599733514937"
"262","0.8890108448383398","0.8641046634557804"
"263","0.877748039832287","0.8640957325133823"
"264","0.8777826574744864","0.8531910499001767"
"265","0.7764893915628394","0.7547341890880677"
"266","0.8440009595940097","0.8312935884096806"
"267","0.8440280076675117","0.8313198779265992"
"268","0.8326197904239719","0.8311668636908315"
"269","0.8438681156263272","0.8202266730731826"
"270","0.855124402591286","0.8530424485260154"
"271","0.8663986568962638","0.8530630455906164"
"272","0.866379933656038","0.8530441116205335"
"273","0.8551219348715515","0.8530363719694214"
"274","0.8551393457662522","0.8530569925765463"
"275","0.8663891800110125","0.8530382333435584"
"276","0.8663850345110727","0.8639883287324371"
"277","0.8663903304691323","0.8530598979330987"
"278","0.8213841330575653","0.809314606939515"
"279","0.8663846712166237","0.8421245266923182"
"280","0.8663986565022626","0.8421245083111157"
"281","0.8664096166467709","0.8530687397754443"
"282","0.8664209678210318","0.8530790537253247"
"283","0.8663986598601978","0.8530643228835518"
"284","0.8663963880493409","0.8530672732280357"
"285","0.866387304745925","0.853044114118466"
"286","0.8551631673094299","0.8530771757014893"
"287","0.8326309431194224","0.8202441209484156"
"288","0.8438728521929847","0.8311725354636678"
"289","0.8438615004366471","0.8311622546472257"
"290","0.8326339712066368","0.8202371571299052"
"291","0.8438928924888993","0.8421241366607964"
"292","0.855152602716763","0.8421362913058341"
"293","0.8551491826058676","0.8421215640940352"
"294","0.8326180791865206","0.8092797015986385"
"295","0.832640025634836","0.820241583613215"
"296","0.8438546873680833","0.8202136283031852"
"297","0.8438720990686367","0.8202298138378742"
"298","0.832651386058165","0.80932349127035"
"299","0.8438796550180349","0.8421167592687424"
"300","0.8551465231231932","0.842094014134035"
"301","0.8326248859510653","0.8092984443825862"
"302","0.832622668156659","0.8311671221565686"
"303","0.8326554571540005","0.820262412375077"
"304","0.8663833728418426","0.8530467178238902"
"305","0.8663886208076857","0.8530511318430591"
"306","0.8438613507381201","0.8311564193624008"
"307","0.7539094560376058","0.7437218090040375"
"308","0.8439123079112162","0.8202667807299708"
"309","0.8438954585481486","0.8202532512841165"
"310","0.8326195957060231","0.8202252986726795"
"311","0.8213660675483859","0.8202284283143552"
"312","0.8551590206185614","0.8421375680161536"
"313","0.8551675425516442","0.8421465874407834"
"314","0.8551529659933618","0.8421316851262767"
"315","0.8551643181615509","0.8421434522377254"
"316","0.8551681025429733","0.8530849230118543"
"317","0.8663888192864962","0.8421171632865752"
"318","0.8551522077469983","0.8421302109201169"
"319","0.8551522091349276","0.8421272699668946"
"320","0.8551367104907209","0.8421144110215539"
"321","0.8551522079350737","0.8421316812966501"
"322","0.855135755135626","0.8421142181034128"
"323","0.855150693206427","0.8421287319187511"
"324","0.8439175041418315","0.8421466012264338"
"325","0.843913328542581","0.8421432694772727"
"326","0.8440162645052705","0.8422477233130417"
"327","0.8439667034821792","0.8421980886622431"
"328","0.8214946381592502","0.8094220199125701"
"329","0.8327376638575353","0.8203401582059269"
"330","0.8327168657092584","0.8093985018078003"
"331","0.8213807129466699","0.8092999118955753"
"332","0.8101267273098023","0.7983733503292811"
"333","0.8438857212657522","0.8311843255523744"
"334","0.843864134548025","0.8311563631493638"
"335","0.8326566777010965","0.820270603583632"
"336","0.8214015402003295","0.8093194333756704"
"337","0.8213610347453505","0.8092793090696874"
"338","0.8213697549602431","0.7983586236827483"
"339","0.8213765654588739","0.7983630451701926"
"340","0.8439148430831523","0.8312034589331108"
"341","0.8439072743203077","0.8202533512894267"
"342","0.8439265882332498","0.8312240582959906"
"343","0.8101111948143483","0.7983468600348104"
"344","0.7313581152136127","0.721799428167185"
"345","0.8101513084515722","0.7983836439657952"
"346","0.810114619653258","0.7983700252717822"
"347","0.8101365352142602","0.7983685455039884"
"348","0.8438713441623582","0.8311824741352661"
"349","0.8439076710720029","0.8202636524202394"
"350","0.8101327606828677","0.7874114857313336"
"351","0.8101320000541293","0.7983685353473053"
"352","0.8101252348666539","0.8092996067735497"
"353","0.8101392465128447","0.8093154325661284"
"354","0.7313548909801951","0.7108649321341745"
"355","0.8326302381842915","0.8311784897017808"
"356","0.8326491578170357","0.820259085994623"
"357","0.7988657503824733","0.7983584910242745"
"358","0.8100984276449567","0.7874023555779368"
"359","0.8101164941303431","0.7983540297743402"
"360","0.7988559605589964","0.7983511830651403"
"361","0.7988899200673526","0.7874449273888503"
"362","0.8327013331959542","0.8203075942189114"
"363","0.8326990631670277","0.8203075944190682"
"364","0.8327083415913189","0.8312521998304867"
"365","0.832681655612412","0.8312269960200562"
"366","0.8327066329238005","0.8312520088445091"
"367","0.843949099418759","0.83124318078882"
"368","0.8439447552519334","0.820300430624135"
"369","0.8439362321279219","0.8202928811930762"
"370","0.8326971843561882","0.8312435614290808"
"371","0.8326888602928052","0.8312362054819316"
"372","0.8439498560891177","0.8312431813545887"
"373","0.8327068258508936","0.8312536684750124"
"374","0.8439670657827002","0.8312549591889915"
"375","0.8439670663647768","0.831256434926499"
"376","0.8439700917118332","0.8203136796009963"
"377","0.8439935556468037","0.8203357409147274"
"378","0.8439871375480046","0.820353014653837"
"379","0.8101649318485418","0.7983983639196588"
"380","0.8102042890034823","0.7984351401913895"
"381","0.7989256875677448","0.7874861084973204"
"382","0.7989041020498715","0.7983950250755042"
"383","0.7989540554727945","0.7984450564514997"
"384","0.8327020929329512","0.8203107166024"
"385","0.8327036040307333","0.8312490636618487"
"386","0.8214336938747309","0.7984086453013667"
"387","0.8101861259605114","0.7874762064241794"
"388","0.8101399846364641","0.8093168520181175"
"389","0.8101520698677955","0.7983979775181106"
"390","0.8101702301706084","0.7984042437279816"
"391","0.8327073870242263","0.8312421029060341"
"392","0.8214053279575374","0.8202665981691718"
"393","0.8326865904519541","0.8203004189356007"
"394","0.8214185567608931","0.798393944530337"
"395","0.8101687166239653","0.8093499344807791"
"396","0.8101797139592882","0.787501929474671"
"397","0.7990157607611683","0.798518624149519"
"398","0.7990074408623493","0.7984885035529099"
"399","0.8327929085462044","0.8313288964371959"
"400","0.8327860992122441","0.8204085412038163"
"401","0.8102622120868829","0.7875615469602346"
"402","0.7989406547163607","0.7874968273367257"
"403","0.8326748934418234","0.8202833899268044"
"404","0.7989157021398812","0.7874714587693324"
"405","0.7089032587245391","0.6999793718049667"
"406","0.7876386176175826","0.7765095817337737"
"407","0.7989217096593024","0.7765373464402844"
"408","0.7989186801663083","0.7765343540263572"
"409","0.798937701415788","0.7874921053624739"
"410","0.7876799968707686","0.7765490663036181"
"411","0.8214467553103653","0.8093705365238952"
"412","0.8326514802884776","0.8093235520341817"
"413","0.8327081456824412","0.8203164224747573"
"414","0.8326740868495673","0.8202825825606971"
"415","0.8326672743630803","0.8202766969900809"
"416","0.8214459990161574","0.8203075934529861"
"417","0.8326998210372403","0.82030612327661"
"418","0.8102087563117999","0.7875106851693683"
"419","0.8326944484031669","0.820304556340927"
"420","0.8214413599114374","0.8203016125938757"
"421","0.8327368053645154","0.820342807584869"
"422","0.8101809734687494","0.7984189101240255"
"423","0.8214590624128727","0.7984439697789297"
"424","0.8101754293651579","0.8093513138597976"
"425","0.8214521547567306","0.8093750474938516"
"426","0.8214097704728031","0.7983953214287733"
"427","0.83270653437836","0.8312504415258645"
"428","0.8439549557532235","0.8203118157289274"
"429","0.810193693729428","0.8093720074835477"
"430","0.8101815839148023","0.7984202390431218"
"431","0.7539168283094962","0.7437318214403342"
"432","0.810190666824217","0.7984290670988103"
"433","0.8101793132859489","0.8093587663660958"
"434","0.8439349154662341","0.8202916010365953"
"435","0.8326877100227608","0.8202972942548387"
"436","0.8326822157918166","0.8202912194302524"
"437","0.8101832935762489","0.7984218992740941"
"438","0.8101853694782282","0.8093631826917167"
"439","0.8102103444077592","0.7984496647291806"
"440","0.8101777981454507","0.7984130748473721"
"441","0.8101755312685337","0.7984101346605778"
"442","0.8439481466335969","0.8203044584500842"
"443","0.8326880733172098","0.8202926953684184"
"444","0.810153216797755","0.7983998253052441"
"445","0.8102027746688367","0.7984479939759112"
"446","0.8101823403970856","0.7984274099315383"
"447","0.8101687213519795","0.7984027741178765"
"448","0.8101838541496545","0.7984160108399327"
"449","0.8326960338978097","0.8203088793712568"
"450","0.8327020884962338","0.8203176901762753"
"451","0.8326793834075539","0.8202941644132572"
"452","0.8326873461462351","0.8203018987033941"
"453","0.832700578307526","0.8203147616780146"
"454","0.8327020904840902","0.820304842354203"
"455","0.8327452316264519","0.8203691808417445"
"456","0.8327058750535878","0.8203177033966599"
"457","0.8327111722115014","0.8312593571324033"
"458","0.8326896197390226","0.8312347366372488"
"459","0.83271041473529","0.8312564242035441"
"460","0.8326914973681172","0.831235835564625"
"461","0.83272858233605","0.8312726015137128"
"462","0.8327240434423503","0.8312810517926852"
"463","0.8327081438826605","0.8312435409165622"
"464","0.8327361079802116","0.8203379014397955"
"465","0.8440068198585262","0.8203607893333346"
"466","0.8101872734725475","0.7984435847432715"
"467","0.8102402640630801","0.7984708372848486"
"468","0.7426840913904582","0.743751400278174"
"469","0.8101958664620179","0.8093719140054503"
"470","0.8214180948806784","0.8202812075770746"
"471","0.8326799936476811","0.8202883241585937"
"472","0.8327155654451215","0.8312621621637988"
"473","0.8102186199861656","0.7984584440309298"
"474","0.8102026779053267","0.7984407418637002"
"475","0.8214945336951254","0.7984791865914257"
"476","0.8102079758423174","0.7984451551256191"
"477","0.8102368333047101","0.7984761485132852"
"478","0.821466533024278","0.8203282886085869"
"479","0.8327287762570712","0.8094043775868434"
"480","0.8214669936732389","0.7984524146964253"
"481","0.8102033362361706","0.79844064588767"
"482","0.8214429734988759","0.7984290693965868"
"483","0.8214280350340737","0.7984116021735664"
"484","0.8102078759000223","0.7984450587492763"
"485","0.8214384338171739","0.8202958284738576"
"486","0.8327109753086956","0.8093821156957172"
"487","0.832745791617781","0.8094144859991695"
"488","0.8102012614983445","0.7984408374394164"
"489","0.8102040929065293","0.8093791745423382"
"490","0.8101971154163281","0.7984424940414213"
"491","0.8102088314610429","0.7984538879712032"
"492","0.8102012605044163","0.8093764295357547"
"493","0.8214700225663061","0.8203324152919632"
"494","0.8326948830278383","0.8093528915179312"
"495","0.7989487597206607","0.7984391745450544"
"496","0.8101936939353537","0.7984263125360127"
"497","0.7989601114769984","0.798450941256693"
"498","0.8101872447433157","0.7984200524525388"
"499","0.7989669211876268","0.798456824128717"
"500","0.8214579119636781","0.8093863333761061"
"501","0.8214371124096215","0.820298958115281"
"502","0.8214495867185502","0.8203103438205434"
"503","0.8214760767885795","0.8094039869900547"
"504","0.8214851608799978","0.8094029049130365"
"505","0.8327206166155843","0.8093793502108142"
"506","0.8326869521703985","0.8093458944000237"
"507","0.8327149569869249","0.8093852558946398"
"508","0.8327168634306226","0.8094029146684008"
"509","0.8327115343060966","0.8093719998247964"
"510","0.8327126857581445","0.8093808462616882"
"511","0.8327130828859906","0.8093698316404735"
"512","0.8214760769945052","0.8094069352364155"
"513","0.8214722862912135","0.8094109672565974"
"514","0.8214828807777829","0.8203342709033026"
"515","0.8214518831132187","0.8093911357039669"
"516","0.8214344982037114","0.8093778913226573"
"517","0.8102554005943239","0.787576980003181"
"518","0.7426129351037606","0.7327444448682161"
"519","0.8101678374523827","0.7984054305983495"
"520","0.8214156015306879","0.8202758403913926"
"521","0.8326786769859933","0.8093499878302719"
"522","0.8326723755136158","0.8093423907941604"
"523","0.8101491868407337","0.7983893903680749"
"524","0.8101814853604365","0.7984216134436247"
"525","0.798895316343858","0.798383551253623"
"526","0.798883963799518","0.7983761943577424"
"527","0.7988943623766924","0.7983848302612155"
"528","0.8214708760001749","0.8093939816293902"
"529","0.8214450430792446","0.8093673974743626"
"530","0.810142984012297","0.7983819849010599"
"531","0.7988988058858861","0.7983906217706155"
"532","0.8101921781949285","0.7874949511055919"
"533","0.8101770426570956","0.7874787675030666"
"534","0.7989141399025296","0.798405525416816"
"535","0.8101783597127845","0.8093512192328121"
"536","0.8214374770919999","0.8093615178651911"
"537","0.8214912095686627","0.8094130119584659"
"538","0.7989451698423363","0.7874993641673546"
"539","0.7989292760402895","0.7874802376794432"
"540","0.8101846112140144","0.7874989867904483"
"541","0.7876451823436138","0.7765209029581027"
"542","0.7764044270861066","0.7765242372067053"
"543","0.8101581193620546","0.7983910024103729"
"544","0.821438990244642","0.7984259307300164"
"545","0.7876625857522919","0.765597289804128"
"546","0.7763873802560071","0.7655777851733856"
"547","0.7763541117388134","0.7655348033009712"
"548","0.7764259821285183","0.7546619046117379"
"549","0.7652026289101276","0.7546957376329723"
"550","0.8102671067711587","0.7875655692240481"
"551","0.8102485497523513","0.7984774233256378"
"552","0.8102671059831563","0.7875655585010936"
"553","0.8102322918678531","0.7984645720395511"
"554","0.8102481890278351","0.7984906738343506"
"555","0.8102773114273117","0.8094540269908824"
"556","0.8102285094564367","0.8094058439682928"
"557","0.753983429858668","0.7438022611927282"
"558","0.810250844571015","0.798484078602458"
"559","0.8102569048908642","0.7984998716081954"
"560","0.7539739870305897","0.7437938082503667"
"561","0.8102360790072837","0.7984774340485927"
"562","0.8102735285186726","0.8094510726171186"
"563","0.8102345747107433","0.7984789046252817"
"564","0.8102319443329341","0.7984892237359795"
"565","0.8102470477691127","0.7985023997522909"
"566","0.8102273981418047","0.7984862816170216"
"567","0.8102477828206287","0.8094117176502171"
"568","0.7764020578468626","0.7655893261755773"
"569","0.7763822063291446","0.7655655921106906"
"570","0.810167252627693","0.7874699883841243"
"571","0.8101700832478754","0.7984083251040833"
"572","0.7764184627368943","0.7656030404271703"
"573","0.765133857435107","0.7655738540893912"
"574","0.7764086705226347","0.7655927870760418"
"575","0.7763882376477381","0.754636605391047"
"576","0.7539093570981641","0.7546616164834923"
"577","0.8101784568613706","0.7874801420863763"
"578","0.7988966335965476","0.7983877740953336"
"579","0.7989105532119154","0.798402774117877"
"580","0.76515968838629","0.754657490383737"
"581","0.7651326345732539","0.7655682493538827"
"582","0.7538963916558876","0.7546482784239288"
"583","0.7652232138225291","0.7547212404700394"
"584","0.7764179768605713","0.7546655111777341"
"585","0.7539315291330826","0.7437461108300498"
"586","0.798956305468843","0.776574552315551"
"587","0.7989326005696785","0.7874864608894959"
"588","0.8101841488994735","0.7874835157236838"
"589","0.7539224204859541","0.7546735785933518"
"590","0.7651512655896496","0.7546515092374048"
"591","0.7538823086217357","0.7546353252345663"
"592","0.7538999118793032","0.7437162090637351"
"593","0.7651377407559711","0.7437013071495412"
"594","0.7989044982016397","0.7765213039122338"
"595","0.7989219063561823","0.7874760152380457"
"596","0.765166303781896","0.754664656110834"
"597","0.7538848691563018","0.7546385516179454"
"598","0.6751276171259168","0.6671522114214721"
"599","0.7538846779930302","0.7436998358069263"
"600","0.7651311261483675","0.7436956119991339"
"601","0.776349176111269","0.7546001097537646"
"602","0.7988990029767673","0.7765166994641801"
"603","0.7876648567754051","0.7874743528747526"
"604","0.7538778647006903","0.7436939582606732"
"605","0.7538928033714183","0.7546484701758317"
"606","0.7538922459678724","0.7546427886466253"
"607","0.7651428445392392","0.7546482927763541"
"608","0.7539194907382545","0.7437265161212923"
"609","0.7989097961297051","0.776527195209436"
"610","0.7876663742975022","0.7765330616324208"
"611","0.7764358193442846","0.765614969292574"
"612","0.7651470191802623","0.7437217132281637"
"613","0.765135669582006","0.7546284529971925"
"614","0.7651761415797389","0.7546692616904245"
"615","0.7538771090242598","0.7546310077490231"
"616","0.7763635575486761","0.7655432376951652"
"617","0.7876792388124806","0.7765518208664148"
"618","0.7876448218250234","0.7874541462419863"
"619","0.7876746991307785","0.7765389496662688"
"620","0.7989347734410936","0.7765636063595688"
"621","0.7989143383813401","0.7765316048423879"
"622","0.7989234199028256","0.7765532847494295"
"623","0.7989075253127763","0.7874556076275718"
"624","0.7988890003454354","0.7874482562759747"
"625","0.8101668319887378","0.7874861253476781"
"626","0.7988851829007682","0.7874232411537462"
"627","0.7989060123482098","0.7874640594383953"
"628","0.7988802767726075","0.7874305976661611"
"629","0.7989226315398184","0.7874482491829918"
"630","0.7988923862110824","0.7765095278098358"
"631","0.7989097896197603","0.7765257420483695"
"632","0.7989082787279039","0.7765183901305011"
"633","0.7651535598117011","0.7546537396143763"
"634","0.765161886395492","0.7437247520809047"
"635","0.7876498724134096","0.7765183147708398"
"636","0.7989096954084622","0.7874656202294503"
"637","0.7988947591283876","0.7874481595340204"
"638","0.7539299890517982","0.743739560508327"
"639","0.7651370822281266","0.7546369881462779"
"640","0.765149750646152","0.7437144519080007"
"641","0.7651180627605775","0.7436821819933239"
"642","0.7651324416280517","0.7436982656073864"
"643","0.7763916607136424","0.7765155175815052"
"644","0.787646697484112","0.7765181715727204"
"645","0.7538670723536052","0.7546190444897729"
"646","0.7539703983342689","0.7547209458382962"
"647","0.7652236553452288","0.743783891024175"
"648","0.7539083370488758","0.7437235665427345"
"649","0.7538702969496242","0.7436865937233924"
"650","0.7876281721227699","0.7764994280228461"
"651","0.787653705073624","0.7765227765865426"
"652","0.7876499205041263","0.7765139471991593"
"653","0.7539151453715749","0.7327938638114347"
"654","0.7538697391342268","0.7436867856754517"
"655","0.7538793784711096","0.7436897465422305"
"656","0.7538922457619467","0.7327829929865455"
"657","0.7426064412218208","0.732730406459413"
"658","0.7763820840920218","0.7655619743517111"
"659","0.7876709163432113","0.7655918004266342"
"660","0.7539028386719939","0.7327704985985428"
"661","0.7426371068911006","0.732774557060501"
"662","0.753899811166856","0.7437202376556096"
"663","0.742630297386398","0.7436970804782034"
"664","0.7426321734394878","0.7436996392593144"
"665","0.7764082120674559","0.7546574928816693"
"666","0.7763964659234301","0.7655752355833788"
"667","0.7763892871964102","0.7655811077334534"
"668","0.7764036692337444","0.7655958190614797"
"669","0.7763991307161955","0.7655899440136623"
"670","0.7088527465818657","0.6889910182529185"
"671","0.7763835986325931","0.7655649308235974"
"672","0.7651708438397489","0.7656017070953279"
"673","0.7651299745082442","0.765567885763633"
"674","0.7763692486824261","0.7655480256700992"
"675","0.7764452934358269","0.7656226660186741"
"676","0.7763703666772279","0.7655619835428153"
"677","0.7876501169950805","0.7655943505829128"
"678","0.787646308630291","0.7655678714117107"
"679","0.7763926835120138","0.7655722913662976"
"680","0.787627026392147","0.7655392154303459"
"681","0.7876527400749425","0.7655855102724171"
"682","0.7876663614840557","0.765600231357819"
"683","0.7313848980585883","0.7218352130932809"
"684","0.7201420403685188","0.7218337422380128"
"685","0.7651633997540598","0.7546633280620789"
"686","0.7763977139419876","0.7655828725566142"
"687","0.7764315745109667","0.7656150480359126"
"688","0.7313754252345663","0.7218226836530973"
"689","0.7426369117791506","0.7327671917394416"
"690","0.7426171344592392","0.7327494398521902"
"691","0.7426496787426166","0.732780336880864"
"692","0.7426271711388189","0.7327584598599388"
"693","0.7651187201064183","0.7655561968291247"
"694","0.7764210759825073","0.7546677870839522"
"695","0.7426321742274902","0.7327625878745074"
"696","0.7426255594318112","0.7218198377098229"
"697","0.7426268753054965","0.7327524796623376"
"698","0.7426238479884342","0.7327552301953512"
"699","0.7426560319680721","0.732786512494539"
"700","0.7651400119669011","0.754641307146824"
"701","0.7651182602454598","0.7546194283938921"
"702","0.765146065401172","0.7546471909854331"
"703","0.731395201963476","0.7218419061170382"
"704","0.7313437349760594","0.7217904108575255"
"705","0.7313724964629444","0.7327554198496345"
"706","0.7313520606151885","0.7327362918298728"
"707","0.6526091730630853","0.6343217087563373"
"708","0.7539122860578613","0.7437217076670328"
"709","0.7651318840185801","0.7546383554706463"
"710","0.765157219484552","0.7546516019500787"
"711","0.7538846754236147","0.7327513927901134"
"712","0.7427668875507596","0.7328893034022512"
"713","0.7539615147095173","0.7328495951682461"
"714","0.7539652683917019","0.7328289902442351"
"715","0.7539618770100384","0.7328264253357214"
"716","0.7764899503543146","0.7547468627745197"
"717","0.7765111418963514","0.7547560691731969"
"718","0.7764899524270247","0.7547325204324182"
"719","0.7652230681153014","0.7656605755521573"
"720","0.7652181637690713","0.7656550602991603"
"721","0.7652124736292495","0.7656517423356497"
"722","0.7764551368210879","0.7656329964879995"
"723","0.7764922215830948","0.7656811574984075"
"724","0.7765032110389115","0.754760477273292"
"725","0.6977304209794642","0.7000573445128524"
"726","0.7765031817276031","0.7547369336943376"
"727","0.7764914635248068","0.7547369306306365"
"728","0.7764895587424852","0.7547236939085797"
"729","0.7765168464256244","0.7657164846393579"
"730","0.776486546208875","0.7656694057069738"
"731","0.7652151380458639","0.7656649805895558"
"732","0.7764820051079409","0.7547284793860831"
"733","0.7539048208754523","0.743720886083122"
"734","0.7538717121567525","0.7436879690899771"
"735","0.7763793278330963","0.765567968910413"
"736","0.7764307671620433","0.7656150000304215"
"737","0.7764118480397155","0.7655958762405997"
"738","0.7538921476105073","0.7437085680693919"
"739","0.7651365238217275","0.7437001229690903"
"740","0.7651802211945566","0.7437411264779267"
"741","0.7651406691246666","0.7437041534757785"
"742","0.7651323440765393","0.743693854460437"
"743","0.7876625897012289","0.7655943549778058"
"744","0.7876482108426798","0.7655811140605104"
"745","0.7539094560376058","0.7546617132254473"
"746","0.7538746411164499","0.743690815033252"
"747","0.7538810875507382","0.7436970804787066"
"748","0.7538689810759388","0.732748258352478"
"749","0.7538581888990787","0.7436748222165482"
"750","0.7651579759489848","0.7546572972654391"
"751","0.7763868200587523","0.7655708119641169"
"752","0.7876792403884852","0.7656134808999481"
"753","0.7538996168339832","0.754652882671826"
"754","0.7538551598179362","0.7327348235509591"
"755","0.7652206990518284","0.7656573480097697"
"756","0.7426805887375829","0.7328118525177282"
"757","0.7313957607146262","0.7218417132075722"
"758","0.7652063681553247","0.7547043328328947"
"759","0.7651702359814792","0.7656092127683122"
"760","0.7764404598369341","0.7656266277820529"
"761","0.7314275499707502","0.7109355561967258"
"762","0.7201540503572","0.7218534833740474"
"763","0.7201563199921253","0.7109164264276061"
"764","0.7201449694267164","0.7109061297273913"
"765","0.7089017440676172","0.7109149569998044"
"766","0.7538890217658546","0.7437011144315562"
"767","0.7651400109908233","0.743702778492156"
"768","0.720138157146155","0.7109002428250811"
"769","0.7088404408583624","0.7108531631252631"
"770","0.7201504626637325","0.7109092616665914"
"771","0.7088850937832871","0.6999560226494757"
"772","0.7201177210924733","0.6999425895799642"
"773","0.7426212109133808","0.7218185502602038"
"774","0.7426435277657584","0.7327758307239668"
"775","0.7538716132173108","0.7327508186654392"
"776","0.7088903925172053","0.6999661302958765"
"777","0.7089115812833835","0.6890568326771189"
"778","0.7088656130847004","0.6999370858158475"
"779","0.6976259776887794","0.6999602531499364"
"780","0.6976047848620348","0.6889910090618142"
"781","0.6863564600536807","0.6889913960296349"
"782","0.6863848246007951","0.6890274054597119"
"783","0.6863632715462397","0.6890071991920553"
"784","0.6863708401031585","0.6780831877820394"
"785","0.6863874895994861","0.6890277899290969"
"786","0.7088954913843837","0.6999547455561932"
"787","0.7201192348450423","0.6999440639862803"
"788","0.7088671292012765","0.6999484741844981"
"789","0.7088883183793061","0.6999705471867631"
"790","0.7201419391462373","0.6999631872113399"
"791","0.720123776102749","0.6999370904113997"
"792","0.708881507092673","0.7108945524703824"
"793","0.7201290754187438","0.7108971097196425"
"794","0.7088848961103293","0.710895643738505"
"795","0.708878082629914","0.7108912300772786"
"796","0.7088928592251613","0.7109063203125525"
"797","0.7201101539056334","0.6999352252076362"
"798","0.7201063673482794","0.6999322938106275"
"799","0.7201078811008483","0.6999322769612752"
"800","0.708861072614996","0.6999440701136833"
"801","0.7201245331671089","0.6999499376682059"
"802","0.7088595533464104","0.7108610947284335"
"803","0.7088709153462616","0.7108728553126689"
"804","0.7202157243558516","0.7000150535543959"
"805","0.7201517558799565","0.7218508980114797"
"806","0.7313738122470548","0.7218218277245305"
"807","0.731404842983789","0.7109113011140993"
"808","0.720127560770747","0.7218255299706597"
"809","0.7201336156825224","0.7218314633291342"
"810","0.7201247320399206","0.7108827801976129"
"811","0.7313866794304663","0.7218328880241033"
"812","0.7313761827018526","0.7108827821124263"
"813","0.7313844054258273","0.710894356271033"
"814","0.7313995461392269","0.7109076010700058"
"815","0.7201116668702","0.7218108169361489"
"816","0.7201449690327152","0.7218431864736758"
"817","0.7201805424061604","0.7218799721366672"
"818","0.7202032496886225","0.7109635136212216"
"819","0.7201926518446352","0.7218902686714261"
"820","0.7313904650028175","0.7327743593813517"
"821","0.7201351274653441","0.7108973014715455"
"822","0.7088888767767801","0.7109090712463827"
"823","0.7088457379984255","0.6999249327026603"
"824","0.7088858500596447","0.6999631872103339"
"825","0.6976009989046078","0.6999293459645798"
"826","0.7088656142667039","0.6890071945965032"
"827","0.7088722278803794","0.6999499462930385"
"828","0.7088709116126928","0.6999414990777667"
"829","0.7088674891377903","0.6999282623557107"
"830","0.7088648573904195","0.6890042534431241"
"831","0.7088871685032629","0.6890160170910612"
"832","0.686384063391015","0.6890244581789299"
"833","0.6863575780484825","0.6780596518613324"
"834","0.6976093261197416","0.6780526767546009"
"835","0.6863375383346445","0.6889722699068331"
"836","0.6863564578598986","0.6890013139855428"
"837","0.6863655417810919","0.689010141877285"
"838","0.6863655384231566","0.6780787729872633"
"839","0.6863810404074482","0.6780831944747083"
"840","0.6863715955915136","0.6671533155091635"
"841","0.6750975411354254","0.6780541417691537"
"842","0.6751009272069981","0.678056709176103"
"843","0.686356460841683","0.6780670078084814"
"844","0.6863473767502647","0.6671297514508837"
"845","0.6863511615256882","0.6671326956679642"
"846","0.6863708393151562","0.6671404422129068"
"847","0.6751236325016038","0.6780817095460961"
"848","0.6863534337126961","0.6671371146559676"
"849","0.6863239149733757","0.6671047510808904"
"850","0.6863519154380386","0.6671341882558297"
"851","0.6863560642959136","0.6671154173333019"
"852","0.6751088891581942","0.6671246405823362"
"853","0.6750596983151304","0.6670775739027472"
"854","0.6864083275085108","0.6672003867843042"
"855","0.6863676182520027","0.6890118008636296"
"856","0.6863592648465743","0.6780655330192022"
"857","0.6863592654375761","0.6890011189015756"
"858","0.6863766965450486","0.6780831891219058"
"859","0.6863728635893332","0.6780787741453298"
"860","0.5738308797621479","0.5796275610527069"
"861","0.6863481326326211","0.6780554242239134"
"862","0.697608765443373","0.6890057226707693"
"863","0.697576977924392","0.6889689396885168"
"864","0.6863449090305301","0.6780522917015941"
"865","0.5738543907132568","0.5796496766820118"
"866","0.6751031960362","0.6561899452860244"
"867","0.675093755383924","0.6561800323068707"
"868","0.6750769070147847","0.6670977711789533"
"869","0.6750857914453889","0.6671108195784204"
"870","0.6750769068088589","0.6671007144299519"
"871","0.6750920433584704","0.6671154265244063"
"872","0.6751054664771072","0.6671255289752883"
"873","0.6638410537395005","0.656179649168677"
"874","0.6638418080461108","0.6561737628321359"
"875","0.6638455938152038","0.6561811189794411"
"876","0.6639182531505099","0.6562546853442591"
"877","0.663899725613236","0.6562344694856882"
"878","0.6638970610085461","0.6562355586561911"
"879","0.6639218429931336","0.6671974353092897"
"880","0.6639048254743425","0.6671816551236239"
"881","0.6639248663523338","0.6562605526991276"
"882","0.6639101249962631","0.656253218597196"
"883","0.663916937858901","0.656259107596623"
"884","0.6639320728146575","0.6453424521337555"
"885","0.6639188131239886","0.6453089846354372"
"886","0.6639116379608296","0.6453203862244724"
"887","0.6639192063118228","0.6453178209156459"
"888","0.6976691163822801","0.6890527952949551"
"889","0.6976426292583346","0.6890307274535082"
"890","0.6976562490914431","0.6999882124892456"
"891","0.6976857686544665","0.7000132117277011"
"892","0.6976956084401658","0.6890921531595978"
"893","0.6976895508599571","0.6890734048145183"
"894","0.7089178379423295","0.6890572217772589"
"895","0.7089435665961354","0.6890921512274345"
"896","0.6976804683445436","0.7000102757361462"
"897","0.7089250109474071","0.6890528039197876"
"898","0.7089552850048575","0.689080762292512"
"899","0.7089518959872011","0.689105384320523"
"900","0.7089393900029568","0.6890774240146291"
"901","0.6526492959855952","0.6562399680884833"
"902","0.6638556296978559","0.6561987679978376"
"903","0.6638783072576755","0.6561859182436013"
"904","0.6526379385073152","0.656213863229982"
"905","0.6638728171683357","0.6452723742995439"
"906","0.6751047128196741","0.6561907076578517"
"907","0.6525874064070457","0.6561754264227071"
"908","0.6638455948002068","0.6452499013389331"
"909","0.652609890525087","0.6561987762397077"
"910","0.663844673896286","0.6561817443554854"
"911","0.6638894908579015","0.6452911423161881"
"912","0.6751251471362129","0.6562061319867001"
"913","0.6751115250509853","0.6562001512233301"
"914","0.6638502334124253","0.6561871961018035"
"915","0.6638705715116683","0.6562105460145446"
"916","0.6526046408668885","0.6561943608628181"
"917","0.6413440091530275","0.6452484770269263"
"918","0.6525972703769286","0.6452501393555189"
"919","0.6525804208257856","0.6342981779969513"
"920","0.6525985872445421","0.6343143644977222"
"921","0.6526053979490987","0.634320248336331"
"922","0.6413619770929735","0.6343288844399607"
"923","0.6638830471809181","0.6562219133443719"
"924","0.6751145277720125","0.6561973057587586"
"925","0.6751215609918129","0.6562085079247562"
"926","0.6751228781952523","0.667147604684318"
"927","0.5513565401748444","0.5466237718506198"
"928","0.6638654200227595","0.6671389657084682"
"929","0.6751100112984164","0.656195834703366"
"930","0.6751185326404973","0.6562033808705673"
"931","0.675092043555471","0.6780524809729149"
"932","0.6751058650015491","0.6671332747706503"
"933","0.6751206061784696","0.6671431887329848"
"934","0.6751160639268347","0.6671373020134808"
"935","0.6750910882093012","0.6671137624638063"
"936","0.6750875021007636","0.6561754263269665"
"937","0.6638314130146884","0.6561710145968982"
"938","0.6750941157144391","0.6561811189794412"
"939","0.675115307256476","0.667135830871022"
"940","0.6638425678860707","0.6561811212772173"
"941","0.6638367091786738","0.6671124838391763"
"942","0.6525985850686103","0.6561899476008993"
"943","0.6525826918486403","0.6561722914895209"
"944","0.6638650747197162","0.6561973029822792"
"945","0.652580422213715","0.6452322930240881"
"946","0.6526031273202453","0.6561928904862853"
"947","0.6525887474588429","0.6452354337887807"
"948","0.6638590197094406","0.645248668978986"
"949","0.6526008556974637","0.6452571106321204"
"950","0.6525936844743168","0.6452486735745381"
"951","0.6413294322007439","0.6452350483528109"
"952","0.6413283116360091","0.6452354297595"
"953","0.6413464776607645","0.6452501518104811"
"954","0.6525955589514019","0.6452541735090279"
"955","0.6525951998028904","0.6343217235085726"
"956","0.6525974666798073","0.6343261296775102"
"957","0.6413638832275238","0.6343379107400652"
"958","0.6413324597058818","0.6342996495397228"
"959","0.6413313409230775","0.6343055425694359"
"960","0.641327556147654","0.6452339601483894"
"961","0.6413377566578694","0.6452409306595687"
"962","0.6413086346345436","0.6342834655368849"
"963","0.641368028145387","0.6343305588221967"
"964","0.6413778679310862","0.6343393746240858"
"965","0.6413604637344057","0.623391827693676"
"966","0.6413475938736357","0.6233785823467873"
"967","0.6300947285955771","0.6233859382929304"
"968","0.6413453252147883","0.6233686676185275"
"969","0.6301015434460715","0.6233789702801866"
"970","0.5063168925766108","0.49095828455017804"
"971","0.6301007853877835","0.6233918414803326"
"972","0.6526038873485392","0.6452714319296303"
"973","0.6413576084129131","0.6343253739936054"
"974","0.66387000812237","0.6452707345058092"
"975","0.6750979256187242","0.6671233019095735"
"976","0.6751132358944354","0.6671345535954368"
"977","0.6751175783778308","0.6671402454733111"
"978","0.6751221690067581","0.6562076505514044"
"979","0.6638637584431045","0.6562017175758927"
"980","0.6526060566739438","0.634321624851804"
"981","0.652615235549941","0.6452676025487559"
"982","0.6526124053416101","0.6452663225924317"
"983","0.6526018110525588","0.6452574974176378"
"984","0.6413357826503407","0.6452397449472665"
"985","0.6413523353742332","0.64525730641431"
"986","0.6526124061385377","0.6343349609965542"
"987","0.6413372000244757","0.6452411233775535"
"988","0.6413599039490024","0.623390549069046"
"989","0.6301051281666797","0.6233918267275939"
"990","0.630098516728936","0.6233802512025928"
"991","0.630108354150628","0.6233920188798101"
"992","0.6413311438321964","0.6343011239460393"
"993","0.5063140635502835","0.4921296818130161"
"994","0.6300985137650019","0.6343202481361744"
"995","0.6300614278209913","0.6233464072587495"
"996","0.6525637709354568","0.6452175803638649"
"997","0.5175815073566304","0.514022729275668"
"998","0.5175860468324067","0.5140157654571578"
"999","0.652586871405753","0.6452457293574576"
"1000","0.6413320966173585","0.6343070070187227"
"1001","0.641352533047191","0.6343118099118508"
"1002","0.6525970732860474","0.6343114254414599"
"1003","0.6413419361971319","0.6343128914225972"
"1004","0.6526016139616776","0.6452486689789858"
"1005","0.6526152367408697","0.6452648489525435"
"1006","0.6413442042739027","0.6452471892111922"
"1007","0.6413657604804677","0.6452703580771321"
"1008","0.6525947975351786","0.6342970913248842"
"1009","0.6188543358445168","0.6124461333119109"
"1010","0.6300788363695352","0.6124255467701087"
"1011","0.6301045681753507","0.6343231936839433"
"1012","0.6301144091609038","0.6233922177251978"
"1013","0.6301181937304015","0.6343364313725844"
"1014","0.6301022991403523","0.6233804485161297"
"1015","0.6188464045752253","0.6233804322320435"
"1016","0.6301022981464242","0.6233804276364914"
"1017","0.6300977553127126","0.6233829894813036"
"1018","0.4950780133721936","0.4811970350642898"
"1019","0.6301030522652178","0.6124505425445498"
"1020","0.6300879194670254","0.6124328818376195"
"1021","0.6301212178776041","0.6234079990424011"
"1022","0.6300769548004286","0.6343084684043074"
"1023","0.6413666897866804","0.6343342014662069"
"1024","0.6413492831924102","0.6343180175198824"
"1025","0.6413500641633032","0.6343187768022347"
"1026","0.6413523339997563","0.6343231892896792"
"1027","0.6413591440909335","0.623393440676534"
"1028","0.6413500125087901","0.6233802473556156"
"1029","0.6413530930474453","0.6452602477678453"
"1030","0.6413530918654416","0.6343202487192938"
"1031","0.6413591464817162","0.6343261337067904"
"1032","0.6413462803728827","0.6233773069855121"
"1033","0.6301537663336947","0.6234361587752936"
"1034","0.6301878229906368","0.6234699981062344"
"1035","0.6301823291536938","0.6125268657694379"
"1036","0.6301704120783446","0.6234538133374707"
"1037","0.6301620890091484","0.6234479289330931"
"1038","0.630180252258045","0.6234611692846197"
"1039","0.6301893341735316","0.6234714654195687"
"1040","0.6189453555017502","0.6234788259617668"
"1041","0.6189249204419968","0.6015855844494357"
"1042","0.6188991894241836","0.6124976318352818"
"1043","0.6188931336259056","0.6124917456988971"
"1044","0.618911298450807","0.6015708735212194"
"1045","0.6189196239018606","0.6015782304344504"
"1046","0.6188946471725487","0.6124932153095048"
"1047","0.6301598209499691","0.6125064591250453"
"1048","0.6189216974398328","0.6125167684803792"
"1049","0.6189103444836412","0.6015592993274091"
"1050","0.6189096181006688","0.601581358545029"
"1051","0.6189005049038678","0.6015504676427522"
"1052","0.61890882994307","0.601569212523818"
"1053","0.6189141268950576","0.6125049937091739"
"1054","0.6188236990746938","0.6124284747020972"
"1055","0.6188460103934631","0.6124387748673323"
"1056","0.6188361723896944","0.6014871960806868"
"1057","0.6188297556609743","0.6014930866119645"
"1058","0.6188199176572057","0.6014941742511196"
"1059","0.6075810353007789","0.6015000580897285"
"1060","0.6075609973688714","0.6124126862929179"
"1061","0.6188354143314063","0.6124398579099296"
"1062","0.6075787642779242","0.6014872006762387"
"1063","0.6075939031736926","0.6015147736129935"
"1064","0.6075810368767836","0.6014886727847792"
"1065","0.5963421535264287","0.6015118293969192"
"1066","0.5963198479296019","0.6014827950735734"
"1067","0.5963482095306325","0.601514765388474"
"1068","0.5963137897673166","0.6014798431972395"
"1069","0.6075931453213302","0.6124417215818423"
"1070","0.6076007148721773","0.6015191863096468"
"1071","0.6301602172892955","0.6125296034823792"
"1072","0.6076506614084873","0.6015578073058148"
"1073","0.6076231034426666","0.6015363696219773"
"1074","0.6075960500386686","0.6015096946604134"
"1075","0.6076111869241059","0.6015207530538474"
"1076","0.6076187276255547","0.6015310503197058"
"1077","0.6076119192132804","0.6015251187107147"
"1078","0.6076111610476316","0.5905866370694299"
"1079","0.6188334405208783","0.6233700454825424"
"1080","0.6413620748504116","0.6233932986533283"
"1081","0.6300863057989369","0.6233698546793709"
"1082","0.6076103549970624","0.5905865418591996"
"1083","0.5963212589907926","0.5905500469878426"
"1084","0.5963392253547338","0.6015030950189805"
"1085","0.607580279606498","0.5905573086909691"
"1086","0.5963425488901946","0.5905751542564743"
"1087","0.6300945324986241","0.6124358362113831"
"1088","0.630108912548102","0.6124532978727693"
"1089","0.6188560466701165","0.6124549609672875"
"1090","0.6188446945197776","0.6124446633009902"
"1091","0.6301060831277735","0.6124520194482955"
"1092","0.6188581223837617","0.6124562413239243"
"1093","0.6188182044497484","0.6124181793340793"
"1094","0.6300954858658628","0.6124431904265246"
"1095","0.6188566063525569","0.6124577130321517"
"1096","0.618831070952583","0.6124299493090726"
"1097","0.6188467686576768","0.6124501550104576"
"1098","0.6188236977046149","0.612418550217467"
"1099","0.6075742253842247","0.6014842549273078"
"1100","0.5850786945503205","0.5905602475465719"
"1101","0.5963429125786448","0.5796347741846989"
"1102","0.6075984462133298","0.5905764407405145"
"1103","0.5963387670787051","0.5905734965234339"
"1104","0.6075901176102666","0.6014989704505731"
"1105","0.6075927493576374","0.6015000540594422"
"1106","0.5851002478108017","0.5905804700983147"
"1107","0.5850760269816965","0.5796042606598314"
"1108","0.5850961021049362","0.5796480160675733"
"1109","0.5850923165415103","0.5796436074012062"
"1110","0.585096857799217","0.5905764459013327"
"1111","0.6188634165779998","0.6015250661179694"
"1112","0.6076078879621087","0.6124604639654784"
"1113","0.6076014713544605","0.6015092623902828"
"1114","0.5963595628629749","0.6015092690829517"
"1115","0.5851093311142176","0.5905893042814067"
"1116","0.5963380088144913","0.5796193539598126"
"1117","0.5963516315936835","0.5796553541997912"
"1118","0.5850832365960297","0.5905617303780673"
"1119","0.5850953440466482","0.5905764382420788"
"1120","0.5738772937075959","0.5796734206560581"
"1121","0.585136577872456","0.5796631174281267"
"1122","0.5851433828555875","0.5796818577146459"
"1123","0.6188483556544492","0.6124478663840892"
"1124","0.6188634925555865","0.6124614631008393"
"1125","0.6188621996437885","0.6233994704114139"
"1126","0.5963393753488263","0.5905691272284216"
"1127","0.596337713285595","0.6015045684765653"
"1128","0.5963542645274558","0.5905865410845993"
"1129","0.5963318568437049","0.5905631948273542"
"1130","0.5963286314596836","0.601497212912379"
"1131","0.6075871896355723","0.6015018171602762"
"1132","0.6188425232332924","0.6124418171749096"
"1133","0.6075975876395953","0.6124489804040737"
"1134","0.5963535072616974","0.59058359917397"
"1135","0.5850976142815004","0.5905808484407999"
"1136","0.5850885335480174","0.5905676088551984"
"1137","0.5963257015149833","0.5796244724886188"
"1138","0.5963451824194959","0.5905732992098969"
"1139","0.6075886030696953","0.5905661350146512"
"1140","0.6075768905888415","0.6014918058902177"
"1141","0.5963466963601403","0.6015118278645655"
"1142","0.5963219161396329","0.5905514208225771"
"1143","0.5963514333207988","0.5905793753661777"
"1144","0.5963361006920846","0.5905659447945988"
"1145","0.5963393236942486","0.5905676053911838"
"1146","0.6075967312239421","0.6015103565219505"
"1147","0.5963550198233376","0.5905878256441449"
"1148","0.6075954161382591","0.5905848732035506"
"1149","0.5963383705329357","0.6015044667560953"
"1150","0.6188380795360232","0.6015118380217516"
"1151","0.5963550225991963","0.5905892966221531"
"1152","0.5963433083364119","0.5905793803620426"
"1153","0.5963799971347261","0.5906143113440687"
"1154","0.5963440632426904","0.59057937423464"
"1155","0.6075870901051288","0.5905775325749091"
"1156","0.5963391268092932","0.5905745761030228"
"1157","0.6075795223362123","0.6124284787323832"
"1158","0.5851161410307719","0.5796524272323759"
"1159","0.5738466224865988","0.5796406668130932"
"1160","0.5738243121617577","0.5686920215215789"
"1161","0.5738349117876755","0.5577709593245083"
"1162","0.585077941014121","0.5905573253406676"
"1163","0.585089290818303","0.5905705523063538"
"1164","0.5963561738453185","0.5905911562637796"
"1165","0.5963406418465699","0.590569074636682"
"1166","0.5963576875978874","0.5796612635125845"
"1167","0.5963391278032213","0.5905631886999512"
"1168","0.5738307312544849","0.5577533062768314"
"1169","0.5963258997878681","0.5796318299676185"
"1170","0.5964057337042565","0.5796851730147681"
"1171","0.5851324307965114","0.5906132220081097"
"1172","0.5851441497873101","0.5906117422403154"
"1173","0.5851220779099418","0.5906035349601529"
"1174","0.5963513117821033","0.579644408361867"
"1175","0.5963611512230516","0.5905895811993188"
"1176","0.5851088174317395","0.5796553685600115"
"1177","0.5738519723736681","0.5687124769377644"
"1178","0.57384989871941","0.5577740924127222"
"1179","0.5738212874235533","0.5577448602104479"
"1180","0.573848137824227","0.5687080128071865"
"1181","0.5850997861679126","0.5687081103148155"
"1182","0.5850734945677687","0.5796188769610622"
"1183","0.5851406574961988","0.5796863648544729"
"1184","0.5851436865773414","0.5796878369630132"
"1185","0.5851481288956064","0.5687536269259281"
"1186","0.5851609931195465","0.5687698089966028"
"1187","0.5738892048553357","0.5796864590984953"
"1188","0.5851498379571259","0.5796923452348802"
"1189","0.5626348276066386","0.5687481246936628"
"1190","0.5626525972737","0.5687639240264564"
"1191","0.5739058561338526","0.5797011732905696"
"1192","0.5851498389510541","0.5687567592654417"
"1193","0.5626435159402899","0.5578224545840214"
"1194","0.5739162558927718","0.5578371662781628"
"1195","0.5626414412024638","0.5578152919206263"
"1196","0.5738886456698593","0.5687481216299614"
"1197","0.5851668529238345","0.5687611717614353"
"1198","0.573917772711979","0.5687655850233542"
"1199","0.5851468118399175","0.5687652087784889"
"1200","0.5738996058143675","0.5687523483012981"
"1201","0.5738950661326655","0.5578165640522404"
"1202","0.5738856205287286","0.5578081260280734"
"1203","0.5739041478600767","0.5578253997671833"
"1204","0.5739037855595557","0.5578371705081022"
"1205","0.5739132285935598","0.5797156937995821"
"1206","0.5739132287994855","0.5687769810512586"
"1207","0.5964432128539516","0.5797451241148881"
"1208","0.5964587134681643","0.5906908200285038"
"1209","0.6077032838063314","0.6016210905564151"
"1210","0.6077062800123045","0.6016133558659653"
"1211","0.6077172714559775","0.6016354216102954"
"1212","0.6077009840542451","0.5906632491888657"
"1213","0.5964534139462436","0.5906735391964117"
"1214","0.5964307086516378","0.6015971636386077"
"1215","0.5964205071474943","0.59065441557104"
"1216","0.46139849103211117","0.45819683994983107"
"1217","0.6076661964743916","0.5906529352379802"
"1218","0.5964526566759579","0.5906750051775492"
"1219","0.5851978836694939","0.5906775618605374"
"1220","0.5851816281490028","0.579731887392832"
"1221","0.5851816271550746","0.5687990433315743"
"1222","0.5964799052161268","0.5797686594693227"
"1223","0.5963687941166023","0.601530744505776"
"1224","0.6076438055194902","0.6015575833539301"
"1225","0.6076211001756342","0.5905969854217047"
"1226","0.5963437687972974","0.6015075599244106"
"1227","0.5963642528342704","0.5905883502754821"
"1228","0.5963680370186921","0.590598457338764"
"1229","0.5963407398953051","0.5796319253605292"
"1230","0.5963626871316228","0.6015267307448411"
"1231","0.607618023693277","0.6015339945629373"
"1232","0.5963612715306226","0.6015267295962046"
"1233","0.5851043284195475","0.590585167075734"
"1234","0.5963643012115628","0.5905911482220666"
"1235","0.596349918986412","0.5796408444142362"
"1236","0.5850885335480174","0.5796320242174543"
"1237","0.5851027159245374","0.5687109564582467"
"1238","0.5738536354219024","0.5796496787969818"
"1239","0.5850983717577118","0.5796423205520568"
"1240","0.5738649867842388","0.5796599764632785"
"1241","0.5738574164453893","0.5577799768343246"
"1242","0.5625808920936348","0.5468136859537275"
"1243","0.5400618994828417","0.5468031955694455"
"1244","0.562592248201836","0.5577682108891144"
"1245","0.5513624477608957","0.5468500863809054"
"1246","0.5738583708065562","0.557785864502057"
"1247","0.5738561027476357","0.5687214432130577"
"1248","0.5851089678197685","0.5796583070417041"
"1249","0.5738625190645043","0.5687170335811117"
"1250","0.5738364247522421","0.5686924109878347"
"1251","0.5626221271014462","0.5577915535255642"
"1252","0.5626198552905892","0.568718512782634"
"1253","0.5625892171506873","0.5577595755514098"
"1254","0.5513469489286136","0.5577757503631434"
"1255","0.5626243955543678","0.557795973481158"
"1256","0.5738799260370433","0.5687332221784963"
"1257","0.5626081400338767","0.5687199747334849"
"1258","0.5513556372622649","0.5577827315972778"
"1259","0.55135602908002","0.5468517445142584"
"1260","0.551331054920641","0.5468282137553758"
"1261","0.5513416504006212","0.5577713508878808"
"1262","0.5513533644574797","0.5468385160167218"
"1263","0.5513416496126188","0.5359056738876282"
"1264","0.5625820447276864","0.5686953542383306"
"1265","0.5625937599843989","0.5577738974141858"
"1266","0.5625793795230695","0.5577477931219571"
"1267","0.3938294017734006","0.39876073033204745"
"1268","0.5513681376947918","0.5359321628152008"
"1269","0.5626028422938867","0.5468528302212501"
"1270","0.5401481817854155","0.5468899928955351"
"1271","0.5513885759422555","0.5468841155836364"
"1272","0.5401663420882283","0.5469091180507464"
"1273","0.5739042705001258","0.5797044249361271"
"1274","0.6076574294492861","0.5906337689870762"
"1275","0.5851656839325571","0.5797084829817105"
"1276","0.5851454457085088","0.5687510184334706"
"1277","0.5739103478141543","0.5797084804751031"
"1278","0.5738754852052079","0.568734642861536"
"1279","0.5739148410885698","0.5687728490069068"
"1280","0.5738966760577427","0.5687538163800554"
"1281","0.5851445408170629","0.5796907788823175"
"1282","0.5851701743774013","0.5906557884401954"
"1283","0.5851436857893391","0.5906263650519125"
"1284","0.5739148403005675","0.5797100001973706"
"1285","0.5851763274450786","0.5797188286360228"
"1286","0.573889404910151","0.5796881241251769"
"1287","0.5739096415089443","0.5687685307722857"
"1288","0.5851602377341543","0.5796995109619769"
"1289","0.5739051022212435","0.5797011742566511"
"1290","0.585158163596255","0.5687641157783595"
"1291","0.5851513511276183","0.5796938160117261"
"1292","0.5739066147918088","0.579702645599266"
"1293","0.5626609227069033","0.5687727526479144"
"1294","0.5626376576268942","0.5578123465720082"
"1295","0.5626563820491235","0.5578312828398668"
"1296","0.5626384141091775","0.5578108759953185"
"1297","0.5739041470720743","0.5687567584995159"
"1298","0.5739071737892097","0.5687611717614353"
"1299","0.5626384176551882","0.557818046883736"
"1300","0.5626493718718282","0.5468738165519506"
"1301","0.5739121098107555","0.5578316665433264"
"1302","0.55137495374514","0.5468752859960964"
"1303","0.41635747710553306","0.4088366949270751"
"1304","0.5514116443253847","0.5359630545170977"
"1305","0.5513658712297264","0.5468635183188786"
"1306","0.5513927228122742","0.5359340008469702"
"1307","0.5626384152911811","0.5468752875279469"
"1308","0.5626429549728831","0.5578239245949419"
"1309","0.5626550647875087","0.546891478223454"
"1310","0.5626429539789549","0.5578125337288614"
"1311","0.5513953846589559","0.5468786213752305"
"1312","0.5514025610219687","0.5468855867265975"
"1313","0.551397264069981","0.5359468643878624"
"1314","0.5513825207260541","0.5468683129864816"
"1315","0.551418456605946","0.5469017753239821"
"1316","0.5513783427627964","0.5468734315152878"
"1317","0.5514018029636807","0.5578312811083627"
"1318","0.5513972642759069","0.5468826541980508"
"1319","0.5513908453891054","0.5359428329319398"
"1320","0.5514006867508093","0.5359645260603719"
"1321","0.5513866672199219","0.5578136228988616"
"1322","0.5514029549978052","0.546897359565639"
"1323","0.5851592382152093","0.5797025974676401"
"1324","0.5851486183141241","0.5687605567216746"
"1325","0.5738849864402437","0.5796860371770323"
"1326","0.5851543299421125","0.5687596541454627"
"1327","0.5738828867884068","0.5687411010244722"
"1328","0.5851735940809077","0.5687762203117374"
"1329","0.5851663914868711","0.5797128497874658"
"1330","0.5739042454205143","0.5797025492402736"
"1331","0.5739208959018449","0.5687802053370185"
"1332","0.5739739751961962","0.5688317975386427"
"1333","0.5739402118026434","0.5578611865086118"
"1334","0.5627157128536298","0.5578875750826119"
"1335","0.56271693036995","0.5578916061550688"
"1336","0.573953539939442","0.5578684472456561"
"1337","0.5739542958217984","0.5688141414272645"
"1338","0.5739548573891322","0.5578754223523874"
"1339","0.43886966021162355","0.42657483114353234"
"1340","0.5626671736082062","0.5687773574615802"
"1341","0.5739096419029455","0.5578356961017862"
"1342","0.5739071733773583","0.5578226448040736"
"1343","0.5626263048766285","0.5577991067862503"
"1344","0.5626391729554678","0.5578138217442495"
"1345","0.5739185263335498","0.557840109163549"
"1346","0.57391266999016","0.5578329467003105"
"1347","0.5738790053390483","0.5687424305093371"
"1348","0.5739022692370539","0.5687670561663156"
"1349","0.5851796377219418","0.5906585688837762"
"1350","0.5964238266939518","0.5797141810876945"
"1351","0.5851660266656997","0.5797088165913635"
"1352","0.5851771839592321","0.5797189250036899"
"1353","0.585172837509114","0.5797176431066529"
"1354","0.5739278561079927","0.5687848115170789"
"1355","0.5739233614457772","0.5687847109283984"
"1356","0.5739000975565675","0.5796999885443495"
"1357","0.5851424668850894","0.5687481223958866"
"1358","0.5851440799711013","0.5796882197182441"
"1359","0.573920333931714","0.5797130357778296"
"1360","0.5739031222861053","0.5796999866124373"
"1361","0.5739050972697118","0.5687655828915373"
"1362","0.5739045398659073","0.5687643061985683"
"1363","0.5738952616475419","0.5687538181120627"
"1364","0.43886455877451225","0.4319551107655501"
"1365","0.5626482531068743","0.5687611732932861"
"1366","0.5626380510206541","0.5687512570331759"
"1367","0.5626550647875087","0.5687670599954399"
"1368","0.5738848636524442","0.5578066539195335"
"1369","0.562652234973179","0.5687613667771966"
"1370","0.5739013162638165","0.5578226459703121"
"1371","0.5626582891954524","0.5578331365547504"
"1372","0.5626444691194532","0.5578197032850822"
"1373","0.5738886460638605","0.5578053729971273"
"1374","0.5626543061471441","0.5687655788959517"
"1375","0.573935177611808","0.5578434342215497"
"1376","0.5626505237357277","0.5578169525519119"
"1377","0.5626467405363089","0.5468841186473378"
"1378","0.551373439992571","0.5468694082848905"
"1379","0.551392360717679","0.5468870567370153"
"1380","0.5513961447051002","0.5468786187128478"
"1381","0.5514120361431398","0.5468947986853998"
"1382","0.5514108862670967","0.5578272486868608"
"1383","0.5514108872610248","0.5468944172797163"
"1384","0.5513870614016843","0.5578169479563595"
"1385","0.5513863041313986","0.5468826465387975"
"1386","0.5513908441043976","0.5578213694427986"
"1387","0.5626338732454719","0.5468708819252813"
"1388","0.5626251841238182","0.5468638976274456"
"1389","0.5513889396128555","0.5468738313031801"
"1390","0.551373434271146","0.546856534587315"
"1391","0.4163631671605011","0.4098997029557221"
"1392","0.5514139171301697","0.5468944126841642"
"1393","0.4276326851717507","0.4140355369535015"
"1394","0.5626637826383941","0.5468992119483249"
"1395","0.5513931171999623","0.5468885334411077"
"1396","0.5513938719003151","0.5468786100880153"
"1397","0.5513991737862428","0.546883033506618"
"1398","0.5626989636968615","0.5469311996788495"
"1399","0.5739210689562929","0.557842580838283"
"1400","0.5626627077146097","0.557836695802916"
"1401","0.5626522581231418","0.5578265866247271"
"1402","0.5626536006120861","0.5578271083691343"
"1403","0.5626432515942078","0.5578214149507342"
"1404","0.5513979022514023","0.5578245941208247"
"1405","0.5739294160620516","0.5578506947579353"
"1406","0.5626475951700316","0.5578227411804164"
"1407","0.5626696415427918","0.557847849014817"
"1408","0.5626447629738444","0.5578156718123122"
"1409","0.5513907474257415","0.5578212700206077"
"1410","0.5513733384833257","0.5468621419864637"
"1411","0.5626565783520022","0.5468929444052507"
"1412","0.5626461781809727","0.5468843096333156"
"1413","0.5626482517192036","0.546884115383983"
"1414","0.5513931162060342","0.5468843081014646"
"1415","0.562641440826313","0.5468782325109531"
"1416","0.5626482519067617","0.5468855849940876"
"1417","0.5626671742416995","0.557841416858925"
"1418","0.5626573360162891","0.546892946032842"
"1419","0.5514178963369664","0.5469076597462129"
"1420","0.5514082529437857","0.535959023244987"
"1421","0.5514103276726221","0.5359617753272019"
"1422","0.5514080571422689","0.5359588322590093"
"1423","0.5514067397910791","0.5359590234451433"
"1424","0.540156506842468","0.5469003016840942"
"1425","0.5513982178490713","0.5359514751629726"
"1426","0.5401459111654873","0.5359500043861266"
"1427","0.5401572635217518","0.5359646206873573"
"1428","0.5401587758954459","0.5359661872400764"
"1429","0.5401504514381911","0.5359558882247352"
"1430","0.5401699317427766","0.5359748227605872"
"1431","0.5401451554801315","0.5359500045862827"
"1432","0.5401459111744124","0.5359514759288977"
"1433","0.5401474257149838","0.5359529472715125"
"1434","0.5289011740506006","0.5359588318760468"
"1435","0.5289057153083073","0.5359617745612764"
"1436","0.5401383439875725","0.5359411765305936"
"1437","0.5288890644240504","0.5359455905584384"
"1438","0.393855892837358","0.39799571981469983"
"1439","0.5288913348469779","0.5250114770631522"
"1440","0.5289132846532286","0.5359706016508837"
"1441","0.5289057149143062","0.5359632459038914"
"1442","0.5289096953926815","0.5359693329827804"
"1443","0.5401266257847763","0.5359270282376684"
"1444","0.5289002212654386","0.535955701068384"
"1445","0.5289013703534794","0.5250247201127678"
"1446","0.5288968283077702","0.5250118581037264"
"1447","0.5288832037466474","0.5250100051547683"
"1448","0.528899855812908","0.5250261891576065"
"1449","0.5288941626913017","0.525008529582214"
"1450","0.5289146008176936","0.5359748196968852"
"1451","0.5288991014887061","0.5359575530507571"
"1452","0.5289009759657913","0.5250144189819537"
"1453","0.5289130859863427","0.5250261866601769"
"1454","0.5176318227039236","0.5249952947923213"
"1455","0.5289251960068941","0.5250335441381707"
"1456","0.5289077882463527","0.5140889318344299"
"1457","0.5176473536233728","0.5250089200140486"
"1458","0.528893043326421","0.525015884963091"
"1459","0.5288968281018445","0.5250232439749472"
"1460","0.5289040044648573","0.5250188301467562"
"1461","0.528890018391216","0.5250129478399982"
"1462","0.5176602147809334","0.5250320716293176"
"1463","0.5176405411368857","0.5250129392151655"
"1464","0.528874881653529","0.5250041243798612"
"1465","0.5176575852268271","0.5250339213496207"
"1466","0.5401723743001478","0.5359768407842814"
"1467","0.5401716190870826","0.5250320742321689"
"1468","0.528897363940422","0.5250166010449646"
"1469","0.5289058628309673","0.5250234388073991"
"1470","0.5176571429364332","0.5250320731703465"
"1471","0.5176594125803482","0.5250334967164277"
"1472","0.5176352418210203","0.525008532463109"
"1473","0.517639686503163","0.5140743239578753"
"1474","0.5176405423278144","0.5250144187996505"
"1475","0.5176844407583121","0.514120031755122"
"1476","0.5177138562152525","0.5141478870414845"
"1477","0.5177116839528187","0.5032079828376764"
"1478","0.5064389428095375","0.5141288538667176"
"1479","0.5177080976471512","0.5032037611446025"
"1480","0.5064275902470884","0.5031785563680904"
"1481","0.5064470737215339","0.5141288576958412"
"1482","0.5176906902984613","0.5031861061994626"
"1483","0.5176927658064394","0.5031888592304087"
"1484","0.5064410197051863","0.5031930813061939"
"1485","0.5064395063466185","0.5031886680442748"
"1486","0.5064525689464062","0.5032035701586249"
"1487","0.5064692170548046","0.5032197529952248"
"1488","0.5064442419193478","0.5031947426687046"
"1489","0.5064465129422024","0.5031962124794687"
"1490","0.49519117936233265","0.5031962142114758"
"1491","0.5064266374619264","0.5141198298296883"
"1492","0.5176681543415826","0.5140963055975155"
"1493","0.5063710224224875","0.5140598898518306"
"1494","0.5063940944543315","0.514083054123224"
"1495","0.5064031764730397","0.5031447126249066"
"1496","0.5063929728108147","0.5031491258868258"
"1497","0.506379713120146","0.49218136309734206"
"1498","0.5064160419819462","0.503162361643303"
"1499","0.5176564361387864","0.5140977715786529"
"1500","0.5176348803083722","0.5140760836110387"
"1501","0.5176431776122707","0.5140727539589945"
"1502","0.5176367581433927","0.5031329505088201"
"1503","0.5064092316892412","0.5031535493054283"
"1504","0.5063850116481383","0.5031299986324861"
"1505","0.49514349833234317","0.5031461887627269"
"1506","0.5064137719530198","0.49222513229174075"
"1507","0.5063891898173218","0.5031447258452912"
"1508","0.506397878150973","0.5031432491411987"
"1509","0.5176526511574371","0.5031491396724763"
"1510","0.5063903093881285","0.503137359175187"
"1511","0.5063891894054703","0.5031333278852232"
"1512","0.5063725385390636","0.5031300062917395"
"1513","0.5064020529622212","0.5031579600699178"
"1514","0.5064402598649678","0.5031873807948122"
"1515","0.5064270320555402","0.5031844452025642"
"1516","0.5176575346710484","0.5140942584994292"
"1517","0.5176452298680346","0.5031469016759805"
"1518","0.4951457187930484","0.5031483725398923"
"1519","0.5063912623613659","0.4922046715237587"
"1520","0.5063995399187035","0.4922106052738708"
"1521","0.5063793003560406","0.49219166823153676"
"1522","0.5063882356531556","0.5031388335815037"
"1523","0.506407057223971","0.503155015652178"
"1524","0.5063899468906069","0.5031434395614076"
"1525","0.49514198467381193","0.49221060354186374"
"1526","0.4951396154054803","0.49220324856079645"
"1527","0.49513129016035234","0.49219726759726984"
"1528","0.4951457675735259","0.4812735448812683"
"1529","0.4839015908347857","0.4922207123371524"
"1530","0.49512023304640834","0.48124872727223017"
"1531","0.49513385464359694","0.48126196838968227"
"1532","0.4951480382021206","0.48127501852115645"
"1533","0.4838864525032437","0.4812674704217916"
"1534","0.4951586330821738","0.4812867882959936"
"1535","0.49515484811893357","0.4812823752342306"
"1536","0.4838980043322469","0.48127796293839314"
"1537","0.4951336577586416","0.48126177663777925"
"1538","0.4838980027562421","0.4812794335150828"
"1539","0.49514728171983735","0.48127648986377125"
"1540","0.4838800371803033","0.4812619716535401"
"1541","0.48389856134179154","0.4812735454465343"
"1542","0.4838792769460835","0.4812661828067165"
"1543","0.48389553640658656","0.48126913315019415"
"1544","0.48388079326858535","0.48126765741268646"
"1545","0.48388457883201125","0.4812720829294113"
"1546","0.48388569603881076","0.48126178736073416"
"1547","0.483885700766825","0.4812632579374235"
"1548","0.4838770077051595","0.4812503928646807"
"1549","0.48390425268146725","0.4812911994607959"
"1550","0.4838947791363009","0.4812691316193492"
"1551","0.4951525800597544","0.4812794388765603"
"1552","0.4951578785877468","0.48128531505591543"
"1553","0.48390234731706894","0.4812779575769158"
"1554","0.48387549474059294","0.48126325181002083"
"1555","0.48389780348994665","0.4812735418175669"
"1556","0.4951465274134858","0.48127355350610085"
"1557","0.4951510637377699","0.49221226722000344"
"1558","0.5064546432723809","0.4922534571539659"
"1559","0.4951995053954629","0.49227073242492675"
"1560","0.49520555961773627","0.5031980694587126"
"1561","0.5289861347396961","0.5141643480498034"
"1562","0.5289789348230179","0.5250924003412005"
"1563","0.5064947565334539","0.5141845867206789"
"1564","0.49522145283770647","0.5032300550911146"
"1565","0.5065027119747053","0.5032594800122541"
"1566","0.5064124062737877","0.5141034419150649"
"1567","0.5063942415877116","0.5031446712511701"
"1568","0.4951351237652448","0.5031424890929211"
"1569","0.5176541162372127","0.5140890848062697"
"1570","0.5401700805549303","0.5359808519036099"
"1571","0.5401625129829497","0.5359661404096249"
"1572","0.5176263579812884","0.5031243121074145"
"1573","0.5063891894233206","0.5031433428194526"
"1574","0.4951645905320119","0.5031666923318805"
"1575","0.5063937296870993","0.49220638146607854"
"1576","0.49512911807693955","0.4921958926136476"
"1577","0.5064017616688378","0.49221492370864844"
"1578","0.5176458394768026","0.5250217743638367"
"1579","0.5289274666357475","0.5359865952335132"
"1580","0.5401684211600676","0.5359748254586758"
"1581","0.5401776966206833","0.5469194245430379"
"1582","0.5401814843597822","0.5359867873857289"
"1583","0.42763647135295385","0.42659414901773424"
"1584","0.5514196055059114","0.5469093211260738"
"1585","0.5514254642133084","0.5469150153103992"
"1586","0.5626883675499509","0.5469310096589539"
"1587","0.5514411631004057","0.5578636531433194"
"1588","0.5514390887565808","0.5578667873802956"
"1589","0.5514457015822538","0.557872477734994"
"1590","0.5514421148916396","0.557869728733831"
"1591","0.5626777704939661","0.5469120703273932"
"1592","0.5626823125396752","0.5578621840984803"
"1593","0.5626777710760427","0.55784639069243"
"1594","0.5626774074054427","0.55785815474068"
"1595","0.5626860939571634","0.5578665979256655"
"1596","0.5739287595130089","0.557860703365108"
"1597","0.5176726940232846","0.503157964099198"
"1598","0.5064137748137323","0.5141080661807454"
"1599","0.5064001491738276","0.503147662403118"
"1600","0.4951370784516136","0.5031421630349"
"1601","0.4951525808477567","0.503145105153858"
"1602","0.5176783350135278","0.5250489699602086"
"1603","0.517682143908201","0.5141163276725701"
"1604","0.5401897605291904","0.5250555679261482"
"1605","0.5401791152839885","0.5359823259443136"
"1606","0.5176684477123975","0.5250423257468739"
"1607","0.5064131632978226","0.5031637986094228"
"1608","0.5064200220843001","0.503169730427371"
"1609","0.5064194129524549","0.5031696938875329"
"1610","0.5176798475998091","0.514117037905085"
"1611","0.528913991625466","0.525034969703984"
"1612","0.5289238291770582","0.5250437953488064"
"1613","0.5401745733279192","0.5250393819042066"
"1614","0.5401710343250953","0.5359766313683504"
"1615","0.5401673000132562","0.5250337362908898"
"1616","0.5401745743217826","0.5250408069906883"
"1617","0.540177040062586","0.535982467601907"
"1618","0.5401829973243487","0.5359867870027663"
"1619","0.5401632201835875","0.5359690350981645"
"1620","0.5514413576214833","0.5359941431327214"
"1621","0.5514436272562792","0.5359941414007143"
"1622","0.5401763809348146","0.5359810920351658"
"1623","0.5514224368962459","0.5359735443361133"
"1624","0.5514625491633908","0.5469517977095322"
"1625","0.5514330337641554","0.5469223735553242"
"1626","0.5514511968071262","0.5360014996456393"
"1627","0.5514322758939427","0.5469223718233172"
"1628","0.5401691776423508","0.5469118822049608"
"1629","0.5176812127956913","0.5031712011868669"
"1630","0.49517206254027163","0.49223836921445624"
"1631","0.48388457646800415","0.4922063820491974"
"1632","0.47263141518424767","0.4812626330929195"
"1633","0.506410868032609","0.49222451114243027"
"1634","0.5176843404264785","0.5031755202047634"
"1635","0.5289397231894933","0.5141229233712853"
"1636","0.49515026045368155","0.4812793379220156"
"1637","0.48389946782709253","0.47034232878078336"
"1638","0.4726426687645208","0.4703409052260268"
"1639","0.4726478691410739","0.47034081001592243"
"1640","0.47264296519777016","0.47033972047980716"
"1641","0.47265997757669537","0.470355521710064"
"1642","0.49515702336302236","0.49222375099841215"
"1643","0.495166102905706","0.5031696346341475"
"1644","0.47265780390861134","0.470352671737509"
"1645","0.3376094987716836","0.3315040230502609"
"1646","0.4614068176651684","0.4594183701539877"
"1647","0.46138052448009453","0.4593920779389799"
"1648","0.4613822349295434","0.44845521237882924"
"1649","0.46138601674129154","0.4484596269724428"
"1650","0.46139661419101885","0.45940845369372096"
"1651","0.48390461773999655","0.481286598075941"
"1652","0.49518114366775584","0.49225455205105595"
"1653","0.4726621518449651","0.45941984302845335"
"1654","0.4501454288690972","0.4484724853520139"
"1655","0.45013502988007126","0.45940090732636313"
"1656","0.450141841578556","0.4594067898332776"
"1657","0.4501410837083434","0.44848277745667686"
"1658","0.43888782603045307","0.4375238528805716"
"1659","0.46137618070727004","0.4703234458624167"
"1660","0.48388760318513957","0.48127502408279044"
"1661","0.48391218789077056","0.4812867932918585"
"1662","0.450145231778216","0.45940935474179123"
"1663","0.43887989160915214","0.44846109908148596"
"1664","0.438878378062509","0.44845962334297235"
"1665","0.43888858093673155","0.43753671948516515"
"1666","0.42761225131185104","0.4375091409862735"
"1667","0.4388882160662777","0.43753561806035923"
"1668","0.4726634681126517","0.45940973558220877"
"1669","0.47265250796814345","0.47034256182752926"
"1670","0.48390159162278806","0.48128788302813047"
"1671","0.48389517253006087","0.48128237599965323"
"1672","0.4838985633296478","0.4922162960115317"
"1673","0.4839106733501992","0.4922295373291402"
"1674","0.4951404724032101","0.4922118781540607"
"1675","0.4951556073589664","0.49222659520917644"
"1676","0.4951673241916837","0.4922280698161522"
"1677","0.4951525808477567","0.49222513172647453"
"1678","0.4951828558991353","0.4922545478558167"
"1679","0.4951752863482883","0.5031785583002539"
"1680","0.5064599402243686","0.4922707370194731"
"1681","0.47266339753051095","0.45942252436708253"
"1682","0.4501303904306001","0.4484578687635611"
"1683","0.46139556326334263","0.4594081673061575"
"1684","0.4839009327994427","0.47034375232686465"
"1685","0.4951572197644014","0.4812839431359945"
"1686","0.4613970772129121","0.44847258190248773"
"1687","0.4388856525680361","0.4375296388283369"
"1688","0.42763486003994733","0.4265911115053628"
"1689","0.4388864080563912","0.43752816575371495"
"1690","0.4276310758555256","0.437529639977225"
"1691","0.41637337269843555","0.4265808128729841"
"1692","0.45013947260126264","0.448466696340547"
"1693","0.4726477702016321","0.4593979631092828"
"1694","0.4614022764074616","0.44847395746055424"
"1695","0.4276294637455915","0.42658954590137504"
"1696","0.42762965807872305","0.42658109868610355"
"1697","0.4276256791760938","0.4375207159455061"
"1698","0.30383290232831817","0.2977872355909625"
"1699","0.427649141346984","0.4156671995175377"
"1700","0.4163652447411894","0.40470090960302246"
"1701","0.4388647568414712","0.4375137435021632"
"1702","0.4501221612191552","0.45938619103666967"
"1703","0.45013558987140034","0.44846218595370985"
"1704","0.42764308613078256","0.41566278605546214"
"1705","0.41637337289543613","0.42658090693420053"
"1706","0.4276218944006703","0.42657924440545164"
"1707","0.42765045979060234","0.41565709227144976"
"1708","0.4163847246517738","0.4047084557697208"
"1709","0.4276266313613289","0.4265796204496576"
"1710","0.43888631207195833","0.44846660667422333"
"1711","0.4501486534651162","0.44848131493955384"
"1712","0.427631175976971","0.42658256716517357"
"1713","0.41636922581949165","0.40470257596139836"
"1714","0.41638775452091875","0.40472131777976844"
"1715","0.4163832126811354","0.40471838218752043"
"1716","0.4051344944790213","0.4047169024197266"
"1717","0.3826136240332077","0.3937770893791404"
"1718","0.416387752944914","0.4156556176654798"
"1719","0.42764555366244167","0.4375415003671173"
"1720","0.4388825275024606","0.43751796597826126"
"1721","0.4501445046072412","0.43754445683799764"
"1722","0.45013578518035097","0.4484581502688534"
"1723","0.45014789520090237","0.4484699179460709"
"1724","0.4614128718695914","0.4484842510970679"
"1725","0.45015168097025404","0.45941856976530093"
"1726","0.4614022736494533","0.4594067837058748"
"1727","0.4614268886603208","0.4594450478049654"
"1728","0.4614386050811865","0.45945643214433585"
"1729","0.4727050957083702","0.4594494555057536"
"1730","0.46142271206714214","0.45942739169358715"
"1731","0.41637742704556635","0.42658871570130624"
"1732","0.41636966262009484","0.40470446818100364"
"1733","0.4051147203968786","0.39376484900678776"
"1734","0.42763788744658493","0.4375340530476627"
"1735","0.4501500675798808","0.4375384655351072"
"1736","0.4501379096744737","0.4375266493039804"
"1737","0.3938667853415892","0.40471130497735625"
"1738","0.39388692456802044","0.39378729739646406"
"1739","0.40514179632585084","0.3937904308848652"
"1740","0.4051332751807705","0.39378288433470127"
"1741","0.39392335119618416","0.38288702286650655"
"1742","0.3939135137923424","0.3938152523403776"
"1743","0.40517783055418277","0.41570398308290923"
"1744","0.42769172232779157","0.4157085867650372"
"1745","0.39392249855031775","0.3938254580604279"
"1746","0.3714088026855865","0.37194251574624404"
"1747","0.37139537560934616","0.37192946484884437"
"1748","0.3714019901990994","0.37193662940970285"
"1749","0.37137550052307133","0.36097014601127747"
"1750","0.23635065586047455","0.24165023342314412"
"1751","0.3488746731311807","0.3609775042562024"
"1752","0.39387274101842196","0.3828370939769065"
"1753","0.40519372356822714","0.4047816387966913"
"1754","0.39393385070065656","0.40477869707754355"
"1755","0.3601633072975609","0.36101281474695196"
"1756","0.3489094878642613","0.350072815515594"
"1757","0.36014988042724627","0.3719397627152978"
"1758","0.3713671766480224","0.3609627982886481"
"1759","0.36012566067744045","0.36098339402155466"
"1760","0.3601438254169706","0.36099957286357454"
"1761","0.39393082240751637","0.3828942826553223"
"1762","0.39393309322444514","0.3938315273243861"
"1763","0.38266887225003704","0.38289428418616717"
"1764","0.34889474135047444","0.3500656549488127"
"1765","0.34886331820498323","0.33908867560598044"
"1766","0.33762483260025167","0.35004505348982196"
"1767","0.33762407570611686","0.33910926884145737"
"1768","0.3376251972647798","0.33909897979949"
"1769","0.3489072178174845","0.33913281588342026"
"1770","0.37142545236998964","0.36101869915132945"
"1771","0.3826805906587591","0.3719485968983897"
"1772","0.38266054779291153","0.38288398708563925"
"1773","0.3826696277383922","0.38289427556234057"
"1774","0.3939406611992874","0.38290311280812805"
"1775","0.3939224938049706","0.38288692880529"
"1776","0.393931579677802","0.39384145220832306"
"1777","0.405226829615939","0.39386241765938523"
"1778","0.4052101803255371","0.3938462401842628"
"1779","0.4052120813385894","0.39387087463203285"
"1780","0.3601308358465677","0.360980492718768"
"1781","0.34884066297110017","0.3500029518842836"
"1782","0.3375754655512477","0.33905488425387637"
"1783","0.348863367970205","0.35002725206535434"
"1784","0.3713550651588917","0.37188812367454643"
"1785","0.3826295656304703","0.3719089601047776"
"1786","0.34887694316903234","0.33910191865509287"
"1787","0.32635113826875267","0.32814720579742995"
"1788","0.32636249101901843","0.3281560338531191"
"1789","0.3263390274512737","0.3281339631307772"
"1790","0.3263564352118151","0.3281530894358823"
"1791","0.3150876757377086","0.31719856911339783"
"1792","0.3376233184447564","0.32816357963735776"
"1793","0.3488784571186018","0.35004486077183705"
"1794","0.360135499862954","0.35004799271103715"
"1795","0.33762614945001485","0.3281663322853413"
"1796","0.3150927769778193","0.31720426214883524"
"1797","0.31511321164357164","0.3281633896001117"
"1798","0.3263640037776592","0.32815897480634154"
"1799","0.2131318598300115","0.21590197303452005"
"1800","0.31510564348065395","0.32815603385311926"
"1801","0.30385333719999635","0.3172175049982943"
"1802","0.3375875255760103","0.33906549053676516"
"1803","0.3601012200863786","0.37188878745089693"
"1804","0.37138226382641326","0.3719159841656056"
"1805","0.3601481195992609","0.37193658006396824"
"1806","0.3263647610524074","0.3281633888341862"
"1807","0.3151169480417027","0.3172277571745088"
"1808","0.31507839711641683","0.3281266070008219"
"1809","0.31506885277003877","0.31717953801839716"
"1810","0.31511245536721416","0.31722339075171646"
"1811","0.29258967816907294","0.3062672069344013"
"1812","0.3263640049685879","0.317220446534636"
"1813","0.33760041704427246","0.3390798481329074"
"1814","0.34888365591022497","0.3391091788090184"
"1815","0.31510337363980295","0.3062745644134009"
"1816","0.29260405782454957","0.3062863334223126"
"1817","0.3038215495780524","0.30624955158894834"
"1818","0.30387811781450486","0.306298104363388"
"1819","0.29261162758132236","0.3062922205247793"
"1820","0.2926146539044566","0.29535516148071855"
"1821","0.3038768003648147","0.3172410464801321"
"1822","0.32641092534383964","0.3282045825630751"
"1823","0.3376594506186019","0.32819870009086105"
"1824","0.2926222214674474","0.29536398837016936"
"1825","0.2701206376111238","0.28443134758389305"
"1826","0.2701168518420309","0.2844269310586188"
"1827","0.2701062577497214","0.27347388169528386"
"1828","0.27008884899525176","0.273461921099925"
"1829","0.27005801594040046","0.26250260629214117"
"1830","0.2475810140138492","0.2625217314483583"
"1831","0.29259517022408543","0.30627475979376845"
"1832","0.3038525803237119","0.3172174996368168"
"1833","0.31509751453840484","0.3172130925023005"
"1834","0.2700992479842777","0.2734633888130695"
"1835","0.2588373009788079","0.2625305625677489"
"1836","0.25882216138040853","0.2734486759531927"
"1837","0.25884486795972206","0.2734692716860994"
"1838","0.25882897573368","0.2734516211358521"
"1839","0.2475662683059151","0.2625132786719557"
"1840","0.25882746119310873","0.2515760355347426"
"1841","0.2926031051420917","0.28439622022021416"
"1842","0.2926227834287824","0.3063023178143406"
"1843","0.3038707433666827","0.3063008478039229"
"1844","0.31511452969318876","0.30628614090448425"
"1845","0.3151043268189662","0.3062762246443739"
"1846","0.3150944862452646","0.31721014828522004"
"1847","0.32636703345872875","0.32816613670381156"
"1848","0.32637233099279306","0.32816210791228306"
"1849","0.3263904929564645","0.3281940900816766"
"1850","0.32638443964326547","0.32818527564668515"
"1851","0.2925831824559686","0.3062598015544837"
"1852","0.29257827529990915","0.2953183317376669"
"1853","0.28132975320367326","0.2843842170064902"
"1854","0.3038267488711022","0.306250974752067"
"1855","0.32634427571261765","0.317201271841203"
"1856","0.3263276263237155","0.3281221453679253"
"1857","0.2925942181374153","0.2843975063121134"
"1858","0.28135014004281","0.2844047678237584"
"1859","0.28132289348157224","0.2843782848055791"
"1860","0.28134030084811257","0.2843974118766095"
"1861","0.2813412540272758","0.2953376021112953"
"1862","0.2813358583328469","0.27345456573589516"
"1863","0.2925608187188239","0.29530357081094477"
"1864","0.3038290194014553","0.30625534098337814"
"1865","0.3150897494726814","0.31719985041876675"
"1866","0.2925752979136693","0.29531543676196814"
"1867","0.270074271648967","0.28438260189131204"
"1868","0.27006614349472025","0.28437396578768237"
"1869","0.2813598794922129","0.28441497046275716"
"1870","0.28131693701673716","0.2843739659878389"
"1871","0.258811566791135","0.27343543789893937"
"1872","0.24757061344881853","0.25157015149597745"
"1873","0.29258342646191726","0.2953240736315231"
"1874","0.30382609004775685","0.2953139654193532"
"1875","0.30383270523743705","0.30625818769257807"
"1876","0.2138089568581846","0.22091489932005262"
"1877","0.3150821807098368","0.31719249293976703"
"1878","0.3263458401347614","0.31719709891967107"
"1879","0.3263640051655885","0.31722045151315087"
"1880","0.3263655181301551","0.3172219159624375"
"1881","0.315115679569232","0.328162108877862"
"1882","0.33761347885605775","0.32815474736958206"
"1883","0.3263609784484531","0.3281503412006445"
"1884","0.32636551891815746","0.33910044731247807"
"1885","0.3376229262419252","0.3281532808221728"
"1886","0.3376066691454293","0.3281573101799731"
"1887","0.33764109027882416","0.32818085682262893"
"1888","0.33763352408591246","0.3281621119415635"
"1889","0.32635946311987934","0.33909456806942156"
"1890","0.3376210476189024","0.32817496073022034"
"1891","0.32637006017586423","0.339101920952869"
"1892","0.32637157392843313","0.3281720251379724"
"1893","0.3376096950745624","0.3281617265055937"
"1894","0.29259668596451066","0.2953448628483399"
"1895","0.2701113587928315","0.27348508347335243"
"1896","0.2588403284839458","0.26252357826991324"
"1897","0.25885319428363196","0.26253241914567416"
"1898","0.24758706823612253","0.2625276106914149"
"1899","0.24760296382009983","0.2515981079717416"
"1900","0.23635683286610099","0.24067459976274236"
"1901","0.2250984726675799","0.24067201421730539"
"1902","0.25887658260837065","0.2625630707949084"
"1903","0.27010999275992315","0.26254247306012285"
"1904","0.25886823386852886","0.2625542438010418"
"1905","0.22511590486748093","0.22974895854968458"
"1906","0.22512720525581648","0.2297563117813943"
"1907","0.2251120718043401","0.22974596864236538"
"1908","0.22512947727706178","0.2297636218554982"
"1909","0.22511661187111814","0.24069038075267976"
"1910","0.2138696040244152","0.21882215263056995"
"1911","0.23636920974525208","0.2516291908253233"
"1912","0.24763504054164515","0.2625808648039687"
"1913","0.2588962340198406","0.27351782883808157"
"1914","0.23637582779577415","0.24069488960766605"
"1915","0.2138560769210259","0.2297445907778477"
"1916","0.21386667198889578","0.22975635958660295"
"1917","0.22512937802873137","0.2297620543366972"
"1918","0.21385815133185437","0.22975175493839317"
"1919","0.21387177609890284","0.22976352761147562"
"1920","0.21385153506313348","0.21880017635240695"
"1921","0.2251220057746913","0.22975488900991345"
"1922","0.24763475144204372","0.2516376430362086"
"1923","0.25889765100889944","0.25164352550842245"
"1924","0.2588832723473509","0.27350734153485146"
"1925","0.2701522289123386","0.2735220539949182"
"1926","0.270152421651615","0.27352518363684525"
"1927","0.27015696152139246","0.28446959689554485"
"1928","0.27016887571792014","0.2735426479611171"
"1929","0.28139867806160407","0.2735148892339034"
"1930","0.2814153226061414","0.27354246386645614"
"1931","0.28142250311509187","0.28447382300111324"
"1932","0.2814047303138715","0.28446793956281735"
"1933","0.28140206925519223","0.2844517565265641"
"1934","0.2814217468387344","0.28447234879545635"
"1935","0.28139791981524065","0.28445910634631016"
"1936","0.28142250311509187","0.2844738214692625"
"1937","0.2814107791908706","0.28446096308918833"
"1938","0.2814077586918655","0.28447087878302707"
"1939","0.2814070003427979","0.2844694045793817"
"1940","0.28141078035450645","0.28447233727187543"
"1941","0.2926803010567609","0.28448118467434624"
"1942","0.2814191060968571","0.28447125366300635"
"1943","0.29266857999325213","0.2844797079702539"
"1944","0.2251407306941433","0.2407068450075064"
"1945","0.21386515983018195","0.21881066617091982"
"1946","0.21390714869679262","0.20790284562136374"
"1947","0.20261758417098058","0.20788813315978827"
"1948","0.20259034395787037","0.20786018018424768"
