"cycle","CCCT_3p8_4p0","IC_peak","SoH"
"1","3781.91329940775","6.402719740438022","1.030733282774609"
"2","3781.89775739728","6.274376659199344","1.030375882044009"
"3","3781.8657398497","6.167575001940907","1.0298441910796272"
"4","3661.83595413646","6.12017317902356","1.0245757020808817"
"5","3691.87460680657","6.009418698289332","1.0242833507254636"
"6","3661.86122574107","5.895459601146406","1.022055470528218"
"7","3631.83771858824","5.796554881238616","1.0136468333403543"
"8","3661.85185698124","5.713048904856692","1.0081514677955272"
"9","3631.83666765398","5.670480668865316","1.006898417604818"
"10","3631.83664288728","5.628125090272448","1.005247308177418"
"11","3631.82047996927","5.55506054887015","1.0075245084568818"
"12","3661.85872857236","5.487367212556771","1.0117565293230908"
"13","3631.84557237732","5.452354893353842","1.0118073230645728"
"14","3661.84664292621","5.420636815741716","1.0116337879510091"
"15","3631.84819764527","5.376491261070718","1.0113255061385091"
"16","3631.84956953447","5.354878064114726","1.0110820549144637"
"17","3661.83465313896","5.357075216573885","1.0109206371055908"
"18","3661.86697329574","5.350112473542431","1.007273124165609"
"19","3631.85156890246","5.296061735349176","1.006850045413218"
"20","3631.83626962194","5.247937434139905","1.006489201415209"
"21","3631.85244708121","5.220126204574475","1.0061384573774"
"22","3631.83728132347","5.236015426138314","1.0058882352641272"
"23","3631.85390248341","5.226754302007837","1.0057316885597365"
"24","3631.83903850289","5.214860021029251","1.0053056042884363"
"25","3631.82315385842","5.193962110883691","1.004961787312809"
"26","3631.83898161613","5.199589493246334","1.0046713300381451"
"27","3601.83921639551","5.176031843836008","0.9960952730800364"
"28","3571.79254413308","5.142391625231104","0.9900999117381454"
"29","3571.72973606601","5.125870842202142","0.9890080709332454"
"30","3571.80682635377","5.115582790124889","0.988309513196409"
"31","3541.79156062105","5.06628144482688","0.9872587966940544"
"32","3601.81119870179","5.079210981398523","0.994569015143418"
"33","3571.81566718779","5.091182651965344","0.9954249580413272"
"34","3571.8013100755","5.090292474195209","0.9870975255260546"
"35","3541.79129039758","5.032189604656447","0.9813121297091636"
"36","3541.79061963077","5.02050330142378","0.9810763800629092"
"37","3541.79037361271","4.994886269195792","0.9804173850389364"
"38","3511.75943034177","4.976756631895704","0.9806099965027908"
"39","3571.79588162613","4.962378099156414","0.9878372781836364"
"40","3571.78302406624","4.953068052847305","0.988251834097"
"41","3541.79959749639","4.963667418386","0.9798119930130637"
"42","3541.79044098051","4.966902341066046","0.9788916289194364"
"43","3541.72804585774","4.959953523350593","0.978611035906291"
"44","3541.79048287495","4.9345331758071485","0.9743858220071636"
"45","3511.77495299896","4.877647762797107","0.9737479562611272"
"46","3541.79471730359","4.883401499450132","0.9813571347633908"
"47","3541.79839686909","4.887766055408336","0.9820941087126908"
"48","3511.7527915209","4.885508768044176","0.9741192042845817"
"49","3481.76025623932","4.839265127317364","0.9734241997050364"
"50","3511.77526377351","4.838006248350521","0.972883807692709"
"51","3511.75967746763","4.836141188688411","0.9723773786648636"
"52","3481.75929549487","4.759184492936579","0.9715469119271726"
"53","3691.86751202419","5.003953359864132","1.004572067801218"
"54","3571.80483278015","5.218051895852923","0.9991754168525364"
"55","3601.8104437552","5.331789268870579","1.0045332437611634"
"56","3601.82861276798","5.206193339289746","1.0043324197826364"
"57","3511.7813477066","5.13183991957453","0.9966342131402818"
"58","3541.75904680664","5.068251609209691","0.9907668989411365"
"59","3541.79050645878","5.057602868795008","0.9896873591209908"
"60","3511.75887402024","5.125667476818123","0.9825100632251634"
"61","3511.74479920149","5.024488148584516","0.9873538511256"
"62","3541.79241707564","4.993375673723742","0.9825541647894362"
"63","3481.76075590471","4.955930104588821","0.9798908707470816"
"64","3481.74140672059","4.940220348160487","0.9750067669199272"
"65","3481.75565007442","4.912277756257381","0.9742225961539636"
"66","3481.75732557027","4.927918056234262","0.9736983439727908"
"67","3451.74212637339","4.912587142329256","0.9722066239514636"
"68","3481.72775743738","4.859232348021028","0.972825846056018"
"69","3481.75966916623","4.830970797630073","0.9725490459877636"
"70","3451.74427897334","4.804136815405029","0.966451648629818"
"71","3481.70994645694","4.779133540444797","0.9660678306764272"
"72","3451.7264620531","4.746965610949391","0.9657193395248908"
"73","3451.72659092929","4.741243454059533","0.9653344733078452"
"74","3451.72635623434","4.744915859935553","0.9645373173815636"
"75","3451.71286625321","4.720481433616403","0.9655929686367908"
"76","3451.74480603192","4.695362573894073","0.9652568731609272"
"77","3451.69785638398","4.693222541846696","0.9648869882220728"
"78","3451.71333566313","4.712502315637144","0.9646334474130908"
"79","3451.74441488203","4.682840288333928","0.9644173509850726"
"80","3451.72945011529","4.649841728494545","0.8576669641520744"
"81","3451.72987951547","4.644176434182062","0.8573196270494045"
"82","3451.71351316047","4.659382217987353","0.9636091063853"
"83","3421.69827106175","4.6395545497809145","0.9633018969503362"
"84","3421.72955002356","4.6219059688326","0.9630780297615452"
"85","3421.71091763087","4.620857265455522","0.9628652164100816"
"86","3421.72932323819","4.61462820708617","0.8550858495778281"
"87","3421.71366940921","4.602569913360929","0.9622079801974454"
"88","3421.71405340114","4.600623719459139","0.9623333736915726"
"89","3421.72965077467","4.592180576608897","0.9577289206271364"
"90","3391.69863164972","4.564716649014077","0.9573679117337272"
"91","3391.69868702261","4.560631899174355","0.9568222345436272"
"92","3391.69527826202","4.567673289357637","0.9498784461918092"
"93","3361.69560047925","4.535236247157893","0.9491994932168544"
"94","3361.67984721221","4.511433656186635","0.9486218068562908"
"95","3391.69502501579","4.479822681245897","0.9562981502717"
"96","3403.715685189386","4.501587590075086","0.9561820494439454"
"97","3421.73941334716","4.519835489008417","0.9558738782025998"
"98","3421.72460532405","4.549275351436412","0.962349213039618"
"99","3451.73976792763","4.5449275900908095","0.9628382310525908"
"100","3421.74477079517","4.565732672970951","0.9564784558357092"
"101","3421.74385650797","4.565795087344735","0.9551403802517272"
"102","3421.70877477357","4.562079354975943","0.9550974480607636"
"103","3421.74129800153","4.542744615735386","0.9549153161617636"
"104","3391.72551815221","4.5755821470707305","0.949646554180918"
"105","3391.70913168907","4.588730920230937","0.9566380821291728"
"106","3421.72955220725","4.5604638532667625","0.960931711654518"
"107","3421.73102072786","4.498474932714841","0.8562731897769654"
"108","3391.7101296201","4.49178207721242","0.9487941878721362"
"109","3391.70902254161","4.514133027530235","0.9487809341444452"
"110","3391.7245463164","4.478200948193173","0.9486688582531092"
"111","3361.70932568292","4.460588364947734","0.947476781752109"
"112","3361.70890990013","4.476656753746552","0.9489433258822454"
"113","3391.72868854098","4.504255777781304","0.9550534609779272"
"114","3391.69869164915","4.479624731258493","0.8541627457221399"
"115","3361.71477155166","4.47003669606702","0.9471103434761726"
"116","3361.70897089733","4.472752193434747","0.946601562941718"
"117","3361.69334255164","4.467663963196599","0.9466532802396728"
"118","3361.70923732238","4.472509776002221","0.9417282102781908"
"119","3361.70895487739","4.459443431283048","0.9407616743848544"
"120","3421.72650603851","4.453501916793005","0.9487603984317818"
"121","3391.72897878551","4.4190888898216985","0.952883365482209"
"122","3391.72977882751","4.478219107462774","0.9539860586976364"
"123","3391.73206682875","4.487746256109686","0.9545342074841452"
"124","3391.71742416842","4.47094443455001","0.9549019795790726"
"125","3421.74885005265","4.417514194489651","0.9551647563669"
"126","3391.71591791854","4.440366829865641","0.9553929019131272"
"127","3391.71951993479","4.45331088554655","0.9558057979207182"
"128","3391.73569797264","4.442083955483259","0.9558498433426088"
"129","3421.75140291493","4.434658678634893","0.955948273288618"
"130","3421.7517167885","4.440614631552494","0.9560844538454546"
"131","3421.73673393885","4.452957029340317","0.9561549157852726"
"132","3421.75250994827","4.442335204481903","0.9562098235883"
"133","3391.73722570604","4.437420158057504","0.956294755270818"
"134","3391.72205006034","4.430110958771464","0.9562860090965454"
"135","3391.71014396596","4.4325935980737","0.9562821651370818"
"136","3361.69595240626","4.442955522739522","0.9491643350692088"
"137","3391.72557702922","4.458094366173672","0.9457358407046088"
"138","3361.71042522252","4.452648192475772","0.9414185965432"
"139","3391.72558636742","4.427874494891151","0.9410927994098456"
"140","3361.7094865645","4.404231112143426","0.9400446641517364"
"141","3361.7175039422","4.397509106645873","0.9474828988661452"
"142","3331.68010126892","4.398493887784406","0.9489019499488454"
"143","3481.75601714356","4.395773767086755","0.947859328228118"
"144","3361.69402510535","4.380219261317272","0.9394195349281454"
"145","3391.6981031251","4.381557553170963","0.9473762794329"
"146","3361.70050187737","4.353347980765231","0.9480398584634728"
"147","3301.68443104634","4.443593738706231","0.9546436385541454"
"148","3391.7246085818","4.466175258967076","0.9549304185426908"
"149","3361.69389487527","4.474861320486687","0.941258970572518"
"150","3361.63207535927","4.416446939136409","0.9412092383317364"
"151","3361.69717627618","4.385734052031736","0.941404072927318"
"152","3361.700011373","4.358662033176199","0.9408327129461364"
"153","3361.71674436112","4.410247337900818","0.9406249026891635"
"154","3301.67903908219","4.443804261353661","0.9482877297661816"
"155","3361.69448754971","4.362666123856318","0.9489687578097452"
"156","3331.67925844009","4.33782417953287","0.9405358926530364"
"157","3301.67943254933","4.356081846575911","0.9396790266015728"
"158","3391.72575815132","4.3616361307037605","0.9395927143449908"
"159","3361.71547739356","4.32042926906973","0.9394499189545998"
"160","3331.67042709063","4.319964732965451","0.9383955213132452"
"161","3301.67946689503","4.3254852797775705","0.9464153228935728"
"162","3301.67917096632","4.34324089818687","0.947262104872709"
"163","3331.66318969504","4.412633582906863","0.9396157718305728"
"164","3301.67892006511","4.419469152397628","0.9382456437725362"
"165","3331.69877162302","4.374019138348044","0.9385408859941272"
"166","3331.68409203045","4.28684301407494","0.9382172855522636"
"167","3331.68264070781","4.313187811680364","0.9328734378818908"
"168","3331.70156447438","4.292950699248655","0.9407558697884454"
"169","3331.68624194199","4.2902196923899005","0.9457809811491544"
"170","3331.70372261141","4.278598500443073","0.9462187133644636"
"171","3331.68871201272","4.289506129132966","0.9464037048927364"
"172","3331.70417016354","4.277841807909358","0.946650815841918"
"173","3331.70445036806","4.268361109005907","0.9468583006335908"
"174","3331.67341897386","4.264068766866854","0.947024179759918"
"175","3331.67365934886","4.267926852690367","0.947057327540109"
"176","3331.68965764308","4.277982458569021","0.9470199620725273"
"177","3361.72105226427","4.285521551107486","0.9470018072678454"
"178","3361.72152948548","4.283246371805074","0.9470101238001636"
"179","3361.70718684414","4.274023223714444","0.9470652451272272"
"180","3331.70750926365","4.271620425220903","0.9471573706379364"
"181","3301.68051876558","4.288299988285164","0.9472097679362907"
"182","3331.64879424183","4.303876030500207","0.9477303699954271"
"183","3301.67979394138","4.301365005845035","0.9478219302850088"
"184","3301.64864212169","4.295212223488521","0.9390855645198364"
"185","3331.69501813862","4.283610040996745","0.9381009449652272"
"186","3331.66957877308","4.2759162686309775","0.9379442674563"
"187","3301.68674662639","4.274492531928582","0.9374225618789"
"188","3301.66335929301","4.253415857113359","0.9318850763076636"
"189","3301.67854580597","4.271035852953531","0.9397556279336636"
"190","3451.75547519539","4.275107832451124","0.9406111929750636"
"191","3301.66342121256","4.277949890177908","0.9376476573690726"
"192","3301.66882882078","4.242545511349323","0.9315189289349636"
"193","3301.6391920378","4.250719974810774","0.9318125097135272"
"194","3301.66429560016","4.261833012231716","0.9334284759869362"
"195","3301.67927276046","4.250245556846402","0.9409934182230636"
"196","3301.68001445184","4.20980837498397","0.9456981132779"
"197","3301.67737029661","4.269568951176073","0.9391043165881908"
"198","3301.66560486328","4.310075025384849","0.9328709990871636"
"199","3301.66925807727","4.3085349756151015","0.937735340375318"
"200","3331.68652426172","4.25236862790369","0.9332502124784"
"201","3211.62219120498","4.253420576607707","0.9379676616107636"
"202","3301.67974699422","4.239549352993104","0.9397645530666544"
"203","3301.68012053161","4.230827423864694","0.9403540633936908"
"204","3271.64891523806","4.231237736974354","0.931907033600009"
"205","3271.66499794795","4.204124677249259","0.9319154198275816"
"206","3331.69980358396","4.208803599565323","0.9316825091790818"
"207","3301.67208527945","4.245485966600177","0.931579634443418"
"208","3301.68903563005","4.126473660020412","0.9316584668132544"
"209","3271.64915466067","4.0825559060582375","0.9390285378284728"
"210","3301.66560823671","4.11721678532307","0.9396360612005272"
"211","3361.69961906873","4.233653698662509","0.9317931326385273"
"212","3331.70572560621","4.176672028533334","0.9315535291781"
"213","3301.69145577616","4.213924238027268","0.9318266174454636"
"214","3301.69202635536","4.249668589279713","0.939261837785609"
"215","3301.69261698465","4.243400338107753","0.9397978785604272"
"216","3301.67750544397","4.1947703615168725","0.9397747079641362"
"217","3301.67788104154","4.149872245345226","0.9398801352051"
"218","3301.66351655055","4.2266911937406295","0.9399733540847908"
"219","3331.66348375903","4.272529439149602","0.9399950319961272"
"220","3301.69503271975","4.278135760956381","0.9401189395601364"
"221","3331.71056611882","4.195397449437839","0.9405898585622636"
"222","3331.69530522031","4.195356784938459","0.9405325736610364"
"223","3301.69578665669","4.187942531161628","0.9405343903773818"
"224","3301.66516939125","4.200445967524951","0.9403860989038726"
"225","3301.66507402324","4.204551999864894","0.940395305489618"
"226","3301.69640073948","4.191735281715793","0.9404210687973"
"227","3301.63398560177","4.188714341305063","0.9403730169256088"
"228","3301.64988149044","4.1965383003028816","0.9403997325060546"
"229","3271.65180222952","4.201867225727538","0.9404342004274998"
"230","3301.68327430391","4.191924829665732","0.940373435215709"
"231","3271.66789709968","4.180586574480032","0.9403320836938818"
"232","3271.65067568735","4.172800756588322","0.9322795964724454"
"233","3301.66635457472","4.174146849501115","0.9318486730306088"
"234","3301.65803084732","4.181022979907322","0.9313845206335364"
"235","3271.66040996566","4.179794394044796","0.930282539400918"
"236","3271.65110806666","4.188244339438934","0.925139117289"
"237","3271.63451965444","4.194463381846875","0.9327367942871"
"238","3421.71035904816","4.198714725672532","0.9376822148924908"
"239","3301.6486676103","4.1733540569902985","0.9311739841422452"
"240","3331.70135820451","4.146543440266498","0.9250535249456"
"241","3301.6722252137","4.133039483406304","0.929372443598518"
"242","3301.68074796781","4.149533369806953","0.9402510776261908"
"243","3301.67939372741","4.166577639007974","0.9466598134572454"
"244","3301.66408932527","4.165568603013243","0.9476485160754364"
"245","3271.64962575658","4.125175670408824","0.941788659291218"
"246","3283.6516977584038","4.0791700968387055","0.9386162888361818"
"247","3271.63730720176","4.187864852902549","0.9384636759316454"
"248","3301.6386409519","4.318113689514521","0.9336169494604362"
"249","3271.64322781499","4.3716248508426485","0.930955153435118"
"250","3301.65903333758","4.311212187755379","0.9249051646574362"
"251","3211.59268628703","4.290794672499475","0.9330035205479636"
"252","3271.63760844139","4.276524465137058","0.938090704826818"
"253","3241.62261064878","4.288273620502585","0.9316934390524"
"254","3211.60766998838","4.282519541383542","0.9249013618124726"
"255","3241.627646679792","4.25581760499475","0.9250240252895818"
"256","3211.62043853874","4.233593553038899","0.9252791067518362"
"257","3241.63549223294","4.228558904536053","0.9250300804134092"
"258","3241.63570971498","4.219294626738321","0.9242807383017908"
"259","3241.63941435809","4.209425417150944","0.924415101262809"
"260","3241.62580325001","4.203181539798678","0.9315600987304726"
"261","3211.60622598668","4.198577601541141","0.9331105554907546"
"262","3211.61954817466","4.439057903157709","0.9329201389396088"
"263","3211.61794006678","3.268665315733113","0.9243824785423728"
"264","3241.60404785387","2.8570444421736734","0.9247812712605182"
"265","3181.60451928729","3.2229853134958155","0.9239096261442272"
"266","3151.57449411958","4.396705862623186","0.9233818489960092"
"267","3181.60360203622","4.168771008476828","0.9243196001364364"
"268","3181.5885363529","4.167206630585113","0.9306516888616272"
"269","3151.58900243375","4.113876383015692","0.931072439651718"
"270","3241.63821362046","4.112671706523509","0.9225355463962271"
"271","3241.64208415709","4.098059118485618","0.922475638275209"
"272","3241.64045598416","4.1036145224059695","0.9223078873280453"
"273","3241.62546357847","4.093786549447367","0.9222684562063818"
"274","3241.625881059","4.111810411249262","0.9220904286456818"
"275","3241.62396337447","4.1221230391929735","0.9245470242162088"
"276","3271.64253461046","3.945499643548328","0.929287409356309"
"277","3241.62739196454","3.9154243721201576","0.9296146180628"
"278","3241.64352331386","3.994497397067405","0.9297353882949908"
"279","3241.64382446935","4.151580919809513","0.9298557309161364"
"280","3241.62818292086","4.069383111774844","0.929972756145418"
"281","3271.62790899392","4.054310712334479","0.9302184979415544"
"282","3271.64410045801","4.053652388411352","0.9302049126685"
"283","3271.6600417837","4.069696310934052","0.9303327680704816"
"284","3241.63023584743","4.044895675096677","0.9301317035574456"
"285","3271.64590172743","4.047425781129581","0.9299925065599"
"286","3271.66188216564","4.042818493852806","0.9304217648470452"
"287","3211.59153972897","4.058998375073307","0.9302090456858"
"288","3181.59043347614","4.061563154663168","0.9303188255373908"
"289","3181.55988824303","4.050254373634585","0.9303665001342726"
"290","3211.58803709939","4.029685700840242","0.9305578338989726"
"291","3181.60585767793","4.030089008498207","0.9249576207892728"
"292","3211.62571675871","4.06102716800438","0.9158120871705816"
"293","3211.62720845645","4.065883519991621","0.9163558759963728"
"294","3151.59736037935","4.055020122564617","0.9155176021189544"
"295","3181.60547225724","4.032856800040556","0.9147779111798544"
"296","3181.57493515446","4.048081797912799","0.9164502707271908"
"297","3181.60659531143","4.059279182784582","0.9227331666628"
"298","3181.60627818608","4.025065908355708","0.9231113384521908"
"299","3211.60800051444","4.001936597481851","0.9141873247335728"
"300","3211.61019359016","3.997911574232345","0.9139114985835364"
"301","3211.62657987989","4.043334095420622","0.9139466610096"
"302","3361.68086356033","4.026851462788207","0.913831920018409"
"303","3181.60575428529","4.012792945047193","0.90811691242671"
"304","3151.55886380903","3.994771858920808","0.9159462890324364"
"305","3211.62374845807","3.863317228917238","0.916641129407618"
"306","3211.60927125142","3.830005904846119","0.9224320949585452"
"307","3151.59114367037","3.8748159426992577","0.9170310994430726"
"308","3181.58923416706","4.006317198584609","0.9234670804114816"
"309","3151.58747103704","3.946787771002769","0.9245389509927272"
"310","3151.55909020328","3.9668571346448793","0.9247156606304182"
"311","3121.55936021545","3.957043603370723","0.9151647384720272"
"312","3181.60767452111","3.940915026208959","0.9150653992583088"
"313","3181.60875605663","3.9723660670833496","0.9146825834558272"
"314","3211.60877201717","4.02459238621569","0.9144191691602"
"315","3211.62520602077","4.035855273982124","0.914546787175909"
"316","3181.61037322209","3.980594047472674","0.9167839002523634"
"317","3211.62592413555","4.0054071865619925","0.921711903077018"
"318","3211.62678528178","3.947376159931976","0.9217891810742728"
"319","3211.62700556582","3.956672532506449","0.9218125798409362"
"320","3211.62713995575","3.967362428317632","0.9220107857123636"
"321","3211.62774102375","3.989558054094696","0.9219958881144728"
"322","3211.59615092151","3.930173697504279","0.9219386212024818"
"323","3211.62748539666","3.938835462127135","0.9218477202391818"
"324","3211.62788665673","3.939968398985934","0.9217793466836728"
"325","3211.6283822268","3.930736719057227","0.921627393134409"
"326","3211.62864869606","3.925896272694045","0.921448477429618"
"327","3211.61295897734","3.950078869577648","0.9214527345443088"
"328","3151.58214829611","3.9639368607046777","0.9214111084752272"
"329","3151.55942034104","3.950205228455775","0.9212232623352544"
"330","3151.59041174623","3.940486705853823","0.921039681940918"
"331","3121.57274735532","3.9429091399150855","0.9071556299010852"
"332","3091.5598385618","3.943431819601656","0.9061085917795516"
"333","3181.59069444151","3.936819233858581","0.9058436769919272"
"334","3181.60971179866","3.934548913012964","0.9003058491290554"
"335","3151.59525615995","3.930629903498846","0.8992360802024589"
"336","3121.57577568793","3.9244931294648873","0.907844652112879"
"337","3091.52849325467","3.934584960832016","0.9131218041247088"
"338","3091.55993093713","3.942207313160608","0.9057927038041926"
"339","3091.56002687109","3.9409716709393376","0.8988731010598309"
"340","3061.54474251205","3.919954489515251","0.8989050658604818"
"341","3121.57846776233","3.924866601163159","0.8982457462724981"
"342","3121.57933299377","3.9178263646472313","0.8983308298698026"
"343","3091.56051764427","3.8960911454478095","0.9052760698657508"
"344","3061.5286146815","3.835346834887565","0.9057469875065216"
"345","3061.52916842175","3.904890382100308","0.9059891971291036"
"346","3061.52865117753","3.934301096388966","0.8975272353540708"
"347","3031.52932132699","3.913825683522449","0.8920292801227735"
"348","3121.57744888297","3.8085793190592296","0.891502841828339"
"349","3121.56327134312","3.802570214633745","0.891692503946939"
"350","3241.63596435462","3.795418433862924","0.8971353237774754"
"351","3061.52900236281","3.803262604918463","0.8994410484304354"
"352","3031.52956197677","3.772672084614905","0.8999311013170199"
"353","3091.56041828672","3.763203624729874","0.891518761047529"
"354","3121.56236951053","3.781964040674744","0.8978234451269154"
"355","3121.54723217865","3.7635526461607474","0.8973896247529581"
"356","3001.49858961335","3.722714386628943","0.8907628003945318"
"357","3031.51361868616","3.732506794850396","0.8988624574837972"
"358","3031.52911556417","3.76510111156144","0.8994929555178508"
"359","3031.51328927019","3.756165798393489","0.8914436123562463"
"360","3001.51356542267","3.737919928473078","0.8898750452248836"
"361","3091.56179633125","3.736795109307556","0.8899252406862372"
"362","3091.56252205497","3.715518197185689","0.8896057380607263"
"363","3091.54726531548","3.823549468006581","0.8836796182906346"
"364","3091.54747295298","3.857218972601948","0.8913871213638445"
"365","3121.57879600039","3.8071214723921742","0.8970821078355872"
"366","3121.56412475521","3.7557546988329977","0.8972143699122455"
"367","3121.57970589812","3.784344452920736","0.8972703731585309"
"368","3091.564895766","3.7701424980516056","0.8973573867035927"
"369","3091.56519704186","3.7012149687186255","0.8977972498679563"
"370","3121.58034088576","3.696296491906696","0.8979697758119536"
"371","3121.58113515531","3.688239820696732","0.898096148811749"
"372","3121.58120262849","3.701324016445108","0.8982055389987436"
"373","3121.56589309242","3.677143575332928","0.8982314377859372"
"374","3121.58162931195","3.655819937611412","0.8982398196009264"
"375","3121.56662005919","3.660716112812155","0.8982253139371481"
"376","3151.56633954588","3.6712983256792953","0.8981960192880499"
"377","3121.58252306439","3.677011889701368","0.8982678048724454"
"378","3031.51561622461","3.683304690595514","0.8984434640146545"
"379","3031.51388084457","3.692816592081813","0.89822883878189"
"380","3001.51427965774","3.695135133019596","0.8979717945031099"
"381","3001.49898698873","3.701785443110258","0.8830501270496608"
"382","2971.48353270115","3.697343857555299","0.882370563812439"
"383","3031.53232586022","3.686504935837679","0.8820600301611763"
"384","3061.51819791481","3.6892551623768233","0.8816896346393036"
"385","3091.53414906573","3.688629357598789","0.8813863810334108"
"386","2971.49945164599","3.6887339904060905","0.8892905275125327"
"387","2971.49941778654","3.693673695079071","0.8898867695619045"
"388","2971.48392678832","3.697213411426012","0.8816735931981735"
"389","3001.51487346272","3.6829252935096655","0.8753639702391445"
"390","2971.49921665532","3.684748952858533","0.8809571715446917"
"391","3031.51817011472","3.6383234124595742","0.8749337188498317"
"392","3061.55011980887","3.608489047919552","0.8739005806897971"
"393","3001.50000743201","3.594028518035776","0.8822081031271536"
"394","2971.49952208658","3.622552068862441","0.8836619378730927"
"395","2971.48402559448","3.578810549880429","0.8827521868810491"
"396","2971.48413111758","3.5823832681495467","0.8739112695352035"
"397","2971.42165000538","3.590555849658136","0.8739921240512626"
"398","3001.40882183448","3.6226994540156734","0.8744760961167117"
"399","3031.3476429485","3.5721644000062827","0.8738334812893744"
"400","3151.57486268314","3.548771482927206","0.8742924608776818"
"401","2971.49918350774","3.539987802576638","0.882154618066969"
"402","3001.50146246336","3.5777916891853714","0.8827749484834018"
"403","2941.46829959977","3.574146941521356","0.8814754785304117"
"404","2941.46807959144","3.5601927107407443","0.8812393247589899"
"405","2911.46833761374","3.5569173224494364","0.8750870431617227"
"406","2941.42153220102","3.548456742194902","0.8737591628098544"
"407","2941.48384218667","3.5805475617255","0.8732387241605172"
"408","2941.4837692549","3.5782656382143103","0.8731999174094272"
"409","2881.45328066141","3.557501334432573","0.8730355796455536"
"410","2971.50137352096","3.516556966095813","0.8670051128215571"
"411","3001.48616759385","3.527885560542044","0.8664839024558764"
"412","3001.51772726528","3.5082974058507865","0.8744901811676045"
"413","3001.48697799365","3.603086001392336","0.8753439151477472"
"414","3001.48718889424","3.6335814046274906","0.880730963411839"
"415","3001.487521839","3.6221653484011735","0.8807857174611609"
"416","3007.510749564725","3.51852588004252","0.8808423884370827"
"417","3121.55992596519","3.5134849171363163","0.8808850820968636"
"418","3001.5300452919","3.4967426548528784","0.8809215313133254"
"419","2971.51364562041","3.5129553834593663","0.8659802118924581"
"420","2971.51876491395","3.5117143938465416","0.8652097142618926"
"421","3001.51953026978","3.494031723122588","0.8665726988374953"
"422","2911.48793474635","3.4840009621478627","0.8670954231118708"
"423","2971.48382922913","3.4756556805823893","0.8670901012767136"
"424","2971.51512617107","3.4764538401871894","0.857564181642619"
"425","2941.48365888354","3.4774934623700964","0.8571836846910963"
"426","2971.50544336132","3.494607987594729","0.8576087789225517"
"427","2941.4846819723","3.487906564633687","0.8572071675271308"
"428","2941.48379499829","3.4898335484895826","0.8566810803769926"
"429","2971.49930585615","3.5352342957082143","0.8645478277133763"
"430","2941.50014599788","3.557206325731186","0.8646937225342944"
"431","2911.48475724482","3.530487001148946","0.8572613517186609"
"432","2941.50392275527","3.457128442772316","0.8497827922070917"
"433","2941.4588228389","3.4442537404515483","0.8495365648444673"
"434","2941.49064024002","3.3718659507276474","0.8499792822316418"
"435","2911.4845368597","3.3654527903460814","0.8499728395013336"
"436","2941.43603947811","3.409996959563045","0.849820373194699"
"437","2911.46834233563","3.4766913256961174","0.8576945522826027"
"438","2911.48444919585","3.446245100465508","0.8580714370392845"
"439","2881.46803980506","3.412756550142833","0.8490752059512845"
"440","2941.48827451479","3.3953854618401262","0.8414893636999444"
"441","2941.50507383351","3.3742201650726926","0.8420728098657962"
"442","2881.45795674627","3.3738002808567784","0.8483335053619454"
"443","2851.43668890307","3.384850815764725","0.8414870427197962"
"444","2851.45278655021","3.393023733070531","0.8493106336446782"
"445","2851.45306110061","3.3908602874372296","0.8504151826374872"
"446","2851.43760404741","3.376565352215824","0.8563498755477518"
"447","2851.43678402539","3.341483125370376","0.8409320086795817"
"448","2881.47315976535","3.298664571183333","0.8405700125884982"
"449","2911.48970909538","3.2972104910204125","0.8413106210739209"
"450","2911.44337280286","3.3011952399517783","0.8404544599647609"
"451","2911.47486792464","3.363829532849364","0.848581463474899"
"452","2911.47537114564","3.398037307318272","0.8491521084709345"
"453","2911.4761377793","3.386103507349815","0.8494091010398545"
"454","2911.47689966112","3.3243080332017625","0.8495580827500971"
"455","2911.4924494407","3.2939352513708555","0.8495969498797171"
"456","2911.49272360495","3.2645415761534826","0.849725298309909"
"457","2911.47716094821","3.250286658429764","0.8500398159990991"
"458","2911.46153226168","3.246736982044829","0.8499494986808408"
"459","2881.46166650636","3.263641086311723","0.8498175923039899"
"460","2911.47734717821","3.2826566953964424","0.84976417641951"
"461","2911.47781362745","3.2840354447664963","0.8495506032793754"
"462","2911.47802494501","3.258229719738633","0.8494308109624881"
"463","2881.46274390572","3.228073275328598","0.8492880723020918"
"464","3031.48365732077","3.2090022612535787","0.849227156183459"
"465","2911.45375469768","3.1909835574314336","0.8491603362177518"
"466","2851.43593580321","3.1903401253235826","0.8491006418191117"
"467","2881.44432585647","3.1874966651456167","0.8490108558599782"
"468","2911.49191326233","3.201699979588317","0.8420632064350208"
"469","2851.44369291114","3.203245346962895","0.8409892501555272"
"470","2821.42261421511","3.206425387156266","0.8486361950213581"
"471","2821.42271926734","3.1974945436159814","0.8491908979799226"
"472","2791.42322670859","3.1971856677488346","0.8492030413603635"
"473","2821.43875851876","3.1904950927572764","0.833313117729858"
"474","2791.42303915043","3.186237400027239","0.8328160766690171"
"475","2851.46035095717","3.183429792278822","0.8328124289281218"
"476","2851.44622899661","3.180258476196612","0.8327366212555762"
"477","2821.42529208448","3.184671081138358","0.8253521284733899"
"478","2791.39266401939","3.156760489222783","0.8403601220651954"
"479","2791.40836335235","3.2447910231726724","0.8409795505377109"
"480","2821.40798138431","3.3012389067461783","0.8402625919021035"
"481","2791.42323419728","3.2968963293710973","0.8253356866566327"
"482","2791.40848122662","3.1908100862297126","0.8253272061888163"
"483","2821.44452605041","3.183516197184633","0.8253302540304608"
"484","2851.42986042812","3.1543980328542847","0.8249444345159499"
"485","2761.39281611872","3.1483910985290366","0.8243879793498453"
"486","2731.37602684969","3.144302901810626","0.8330754712977472"
"487","2761.39343998092","3.164480333527991","0.8336489831279336"
"488","2731.39260601886","3.162482206078135","0.825370001768129"
"489","2611.28137400012","3.149922085477072","0.8170264913231926"
"490","2671.34553762816","3.109660899437648","0.8170392089516018"
"491","2761.41110381257","3.083760943241939","0.8170280305864562"
"492","2761.41207885142","3.1059412940671187","0.8003232488405654"
"493","2641.34366451721","3.1293317312037576","0.800302110011559"
"494","2581.2967518302","3.128863368211661","0.8170274606772426"
"495","2551.28167757706","3.1101161824013226","0.824418391560879"
"496","2521.28312641329","3.0839104310347523","0.8086577243735527"
"497","2611.29935827158","3.0975134888554976","0.79198024973635"
"498","2701.37954874552","3.089557951250499","0.7919570009570763"
"499","2731.395650769","3.070756863450855","0.7919709369143135"
"500","2761.39390331751","3.0454534305863064","0.7919970883839345"
"501","2731.39689271408","3.052898977518492","0.7919821299551564"
"502","2761.38232094608","3.064745076258639","0.8086667155419863"
"503","2761.36709889443","3.080340920803326","0.8161636870630863"
"504","2791.42989585088","3.0273771689173725","0.816432428130839"
"505","2761.38266281952","2.9590180843525595","0.8166753959321436"
"506","2761.41388524544","2.932840030862163","0.8169160887166572"
"507","2731.36656950274","2.9693299747654005","0.8170498997732845"
"508","2731.33806813892","2.9364502549809486","0.8170587677823781"
"509","2731.36758473695","2.901664455804704","0.8170463367282181"
"510","2761.39883643633","2.8708995522480816","0.8170529833203418"
"511","2761.38347727747","2.856182344531292","0.8170332526160572"
"512","2701.3581821863","2.81863398578972","0.8170720601730835"
"513","2581.29698456107","2.8077530385539675","0.8170308376313409"
"514","2551.29708712671","2.837747634324353","0.8168781523335099"
"515","2671.36352619038","2.880509937582873","0.8169286958505145"
"516","2701.36373514233","2.899255349891423","0.8169284800902699"
"517","2701.36464411127","2.910463239132849","0.8169473892395926"
"518","2521.28266226466","2.9210320549809268","0.8003055057279236"
"519","2491.26697744755","2.933036164998198","0.7919779539449735"
"520","2491.26681814489","2.932944714859589","0.808441575230579"
"521","2491.25111635081","2.94610338863336","0.6916673896215554"
"522","2431.23519596029","2.950755570904826","0.8087195601005981"
"523","2551.28471007669","2.944586379920773","0.7920388958719008"
"524","2611.31712391738","2.925757030745136","0.7836906422964963"
"525","2611.31748257763","2.925431142089981","0.783656502872089"
"526","2431.23584673975","2.925490082415725","0.7836606689732636"
"527","2401.22075665218","2.9180847066608893","0.7753101170637973"
"528","2401.22006398317","2.905444233266909","0.7836428408500518"
"529","2503.2535914602586","2.9822088018239024","0.7920023717304508"
"530","2551.26392186903","2.9869789645251847","0.8003107573990444"
"531","2491.23078231522","2.918891835851434","0.7836481633572381"
"532","2431.20064660134","2.812835870541429","0.7752890156590463"
"533","2521.23229719609","2.84611773648938","0.7669677288419099"
"534","2581.2969927508","2.880415485490279","0.7998644140713381"
"535","2581.29532887531","2.8413375014350906","0.7836846043459045"
"536","2431.20096051751","2.7995774846873096","0.7836846369399382"
"537","2401.18548565275","2.7620535424578376","0.7836709666906417"
"538","2401.18572031671","2.765045372183125","0.7997839186864663"
"539","2341.15553127514","2.7078765870848667","0.8003613561123555"
"540","2311.15614472553","2.6920551978871856","0.7836527639151936"
"541","2491.21804965549","2.705797893934485","0.775313408391448"
"542","2521.26727308728","2.77639867013516","0.7752864973236436"
"543","2401.20119833815","2.7554648920272555","0.7669724095896726"
"544","2341.15570569416","2.689475592269414","0.7669663041534818"
"545","2311.15595388566","2.7504262566642925","0.7752881619474409"
"546","2311.124453438","2.1693273511116926","0.7836537545398817"
"547","2281.14068896829","2.082960644935888","0.7836638945030309"
"548","2371.15615243706","2.4326492147869687","0.7753063954654226"
"549","2431.21865620752","3.048972281391872","0.7586234474170082"
"550","2491.24908379773","2.8352076614397754","0.758620605467709"
"551","2311.15598326374","2.770095760955608","0.7586191111073145"
"552","2341.13981295572","2.774772820871577","0.7586053414740545"
"553","2371.16929269098","2.756763758547306","0.7586042717731317"
"554","2401.18637253472","2.728009449342556","0.7753093422708772"
"555","2401.20195707125","2.692835438386635","0.7753128209818326"
"556","2401.20203158166","2.679980478447105","0.7586248087717627"
"557","2461.2343986131","2.651388689134685","0.7586162516830127"
"558","2491.23549510783","2.618633675481868","0.7586325128322146"
"559","2431.20169461431","2.61816749236012","0.7586319814160809"
"560","2371.15519268374","2.657895783090801","0.7586139701851835"
"561","2371.1709529325","2.665101633340337","0.7502910377910635"
"562","2371.17104921204","2.639247699494736","0.7669804266732326"
"563","2371.18646705884","2.6035382033791192","0.7669553797353172"
"564","2341.15553346549","2.581591799865885","0.7669559890374781"
"565","2431.18913047888","2.567636874006289","0.7502794375162954"
"566","2461.23615074815","2.563919005845265","0.7502787945579236"
"567","2491.25248284114","2.573783699873146","0.7503008067181653"
"568","2491.23441435844","2.594473399970093","0.7503021699746499"
"569","2491.25370295724","2.5833552100992896","0.7502920042038536"
"570","2491.25211430405","2.5703976234192663","0.7586414228343936"
"571","2521.26725227542","2.561415027292096","0.7669906917920809"
"572","2491.25275485805","2.591264745320825","0.7669767738576354"
"573","2491.25277098815","2.5996303866110155","0.7669756174057473"
"574","2491.25311554054","2.660820995133846","0.7669796371630481"
"575","2491.2513832348","2.66737001328959","0.7669702844115718"
"576","2491.25326589483","2.6395925976391927","0.7669772177147463"
"577","2491.23760993545","2.5938401403308964","0.7669743754845599"
"578","2491.24789172132","2.6093625024750366","0.7669949708934627"
"579","2431.21780429761","2.606002156011457","0.7669843127445944"
"580","2371.18743897738","2.60035272663918","0.7669939867314308"
"581","2461.2361045332","2.602747080408706","0.7669830246132009"
"582","2461.23646513553","2.5845166788083254","0.7669826473998254"
"583","2341.15762064946","2.5609667761850536","0.7670147572326681"
"584","2311.15728226627","2.556595324975137","0.7586419127666609"
"585","2311.15497125037","2.5704576945805906","0.7503024900916181"
"586","2311.15745555247","2.570082588907528","0.7502829586387708"
"587","2281.12650913234","2.5691416073614066","0.7665305535302245"
"588","2251.11172209422","2.578727320768064","0.7664820523592127"
"589","2341.17531593352","2.5883737036227323","0.7503014163745964"
"590","2371.17497509147","2.595799766707155","0.7419531942776263"
"591","2311.15969601279","2.60479940082293","0.74197242256255"
"592","2251.12706234282","2.60645870412364","0.7419657437280527"
"593","2221.11198926792","2.601102424520559","0.7336234739098827"
"594","2221.11224462336","2.5909900823891707","0.7336207750932499"
"595","2221.09668199133","2.5734606072088706","0.741969240340159"
"596","2221.11209205366","2.6599066401151243","0.7499501456792909"
"597","2281.14401423811","2.705575598640031","0.7500297240540527"
"598","2341.17486261046","2.679112338271756","0.7336373979735644"
"599","2221.09700313053","2.561910044227649","0.7253068343225781"
"600","2161.08161501039","2.552897521745677","0.7253028993893572"
"601","2161.06295064988","2.559008713949733","0.7253116346859309"
"602","2221.11569081409","2.564839064077676","0.7253045430946236"
"603","2161.0820064345","2.543851022410354","0.7336542241570081"
"604","2161.0816025043","2.519835205706205","0.7416211110706836"
"605","2191.09854000876","2.5087008622712967","0.7336476493953163"
"606","2221.0990212023","2.4970780370720447","0.7169636836718817"
"607","2281.12925257429","2.4924119855630105","0.7169720056640309"
"608","2251.1277031374","2.48570621809629","0.7252933283727745"
"609","2131.06642268376","2.5035450538155635","0.7169606853363463"
"610","2131.05111198866","2.4650058717565644","0.7169791179139318"
"611","2161.06643884512","2.4275836290934127","0.7253329735090991"
"612","2191.09702019684","2.4207234950916767","0.7336515173977399"
"613","2131.06692477321","2.463893619304756","0.7169617863674836"
"614","2221.08258647017","2.4617007336203454","0.7169586080264809"
"615","2251.1138733275","2.442332936473845","0.7169720057694445"
"616","2251.09860550408","2.435696057101921","0.7169804920514709"
"617","2251.13028266141","2.438311889874462","0.7169507106228344"
"618","2281.13194661831","2.4411624669277003","0.7253254148549181"
"619","2281.14582202676","2.438540854969731","0.7336502284337336"
"620","2281.13033974467","2.4132361883448947","0.7336521213753526"
"621","2281.14612559723","2.422800168734589","0.7336636521913845"
"622","2281.11502234794","2.431634777426909","0.7336448375494818"
"623","2281.14659518067","2.4348768748367338","0.7336728295214363"
"624","2281.14932066301","2.395596251188225","0.7336573737162498"
"625","2281.1470656314","2.387848266562365","0.7336659144120217"
"626","2101.03442796998","2.386930400778726","0.7336756689245536"
"627","2101.04994701854","2.404178070499473","0.7336718331057418"
"628","2041.01990023596","2.415002909951262","0.7336704353412908"
"629","2071.02011581859","2.40191673805378","0.7336510488279918"
"630","2131.06800961778","2.374196593136431","0.7336521002593264"
"631","2161.06799499253","2.3653059515925934","0.7169177767987445"
"632","2011.00505880248","2.3735829393411514","0.7085879977157626"
"633","2041.02017923023","2.37571097423366","0.7085866010257372"
"634","2041.02049272034","2.371373211451564","0.7169295386742145"
"635","2041.02059334071","2.377824002306511","0.7169438131375536"
"636","2041.02047189354","2.391983842879579","0.7085861636973335"
"637","2101.03770742579","2.400140556989637","0.7002526841473599"
"638","2101.05380042255","2.3946343525510496","0.7002569031102809"
"639","2131.06897413794","2.391319842815881","0.7002541076303136"
"640","2011.00601370874","2.3938955602639007","0.7002596236089781"
"641","1980.99059792098","2.398299497185627","0.7002665975133481"
"642","2010.97460710958","2.400286791410137","0.7086079867863863"
"643","2011.006498856","2.402971385602948","0.7085998475454572"
"644","2011.00646939768","2.403939158128141","0.7086166802116599"
"645","2011.00657737138","2.3923380638971974","0.7002695484933908"
"646","2071.02308765391","2.484820513435816","0.6919325911208091"
"647","2101.05406792325","2.499300685135053","0.6919260477508463"
"648","2101.05453255449","2.428268311185998","0.6919245512061409"
"649","1920.94822592756","2.3041140321535982","0.6919162017131582"
"650","1920.96025906159","2.312026489640819","0.6919331862619745"
"651","1950.9759429364","2.3340198888794035","0.7002714385347582"
"652","1920.96080221823","2.334802261185317","0.700288483332259"
"653","1890.94553242874","2.3207522426465226","0.7002844573290754"
"654","1980.9917482385","2.2944772108162343","0.6835754016314755"
"655","2071.03904801065","2.292745586862281","0.6835834342669127"
"656","2101.05454120604","2.2934164448965326","0.6835809510105499"
"657","2101.03918396006","2.292269594104929","0.6835946340649117"
"658","2010.97647589509","2.2874135514941614","0.683585990956699"
"659","1980.99236626143","2.2875143772925544","0.6835835909690435"
"660","2010.97636482858","2.289753538528527","0.7002396204499399"
"661","2041.02332990558","2.283996893623832","0.6919333381353618"
"662","2011.00823654519","2.2818671315225743","0.6835953269313063"
"663","2041.02330465271","2.277286582738442","0.6919457752796827"
"664","2101.05561115354","2.2782852878130546","0.6919281445611718"
"665","2131.07116274919","2.273371514333092","0.6919185312816"
"666","2131.05573656677","2.261762955895133","0.6919267479467599"
"667","2161.05848237575","2.2586494657632","0.7002861857824817"
"668","2161.08706339343","2.258599792079403","0.7002822106180908"
"669","2161.07143890252","2.265472780832277","0.7079518127060381"
"670","2161.08773010259","2.257366445721741","0.7080687437637209"
"671","2161.08790978975","2.257020385946241","0.7080860001705527"
"672","2161.08797036547","2.2463800478881693","0.708085346374669"
"673","2161.07256373163","2.2422270814691805","0.7081476115218373"
"674","2161.08831978996","2.2263151456961614","0.7082138426445171"
"675","2161.08437314895","2.251272303163519","0.7082351467729454"
"676","2101.05410733633","2.271686327356072","0.7082595703897682"
"677","2071.02326358168","2.2907811304556853","0.7081990887615263"
"678","2161.08754598443","2.27796880705693","0.708131281725699"
"679","2161.08811448913","2.2745249560068688","0.7086142932079353"
"680","2041.02467665189","2.2538243472119834","0.700274803045389"
"681","1980.93152367198","2.244025838360129","0.6919391119377963"
"682","2010.99382232093","2.246414570565758","0.7083423303419172"
"683","1980.99466217475","2.2591622539465344","0.7084192561185964"
"684","1980.96311617869","2.2660806714100823","0.7082180091070627"
"685","2011.00982571477","2.261604426717362","0.6919298467109308"
"686","2071.04288437725","2.265786935946382","0.683588891723319"
"687","2041.02770641635","2.2798545258871123","0.6836097687319653"
"688","1980.99486863851","2.2816970060076818","0.6836207278901463"
"689","1920.96457166335","2.2739600906363706","0.6836003449589881"
"690","1920.93340767797","2.275977751098753","0.6833661504773891"
"691","1920.94895013974","2.286732825084102","0.6919735635845591"
"692","1890.93342848858","2.2916434068325904","0.69934473096592"
"693","1950.98024679147","2.2888239349654964","0.6993334155657536"
"694","2011.01309733101","2.284373051152093","0.6832116616106527"
"695","2041.01310204897","2.262533138940718","0.6753170850294681"
"696","1890.94967640086","2.371864392962002","0.67532012994744"
"697","1830.91899682863","2.432069969902095","0.6669806700231654"
"698","1839.927353723883","2.407842673833524","0.6669736360021745"
"699","1590.80842998704","2.282786666325421","0.6669778914720199"
"700","2041.03896610051","2.269841953590696","0.6835542510338709"
"701","1860.94167090633","2.273909918464383","0.6836710112557899"
"702","1590.80427638498","2.251774486572568","0.6836789044305636"
"703","1590.80507445903","2.2404747782139323","0.6669903178539381"
"704","1740.86720008405","2.23389835560483","0.6586411029810209"
"705","1770.88301395786","2.25337866101132","0.658639681970409"
"706","1710.86595780213","2.242247300069052","0.675346808362959"
"707","1290.63487353328","2.2289340010403578","0.6660122036563272"
"708","1230.58890517441","2.2521330477668378","0.6252765564024144"
"709","1170.59162535743","2.260636129619712","0.6169432991993027"
"710","1230.60449446775","2.2583631430990474","0.6418373497978563"
"711","1110.55944971427","2.2043391095085774","0.6419622372188508"
"712","1200.60540019936","2.191290109538854","0.6419771098797835"
"713","1380.68225211757","2.1816084307726102","0.6086083107924445"
"714","1410.71406272018","2.189826733535393","0.5919169695165072"
"715","1440.72954471682","2.184978066838822","0.5919113965896817"
"716","1110.54400892611","2.1674871455180043","0.5835748504064172"
"717","1050.51370775973","2.184515227496868","0.5752312466331226"
"718","1050.52916843752","2.199128273181332","0.5752283532777918"
"719","1020.49855296852","2.209256731224914","0.5919150388641545"
"720","990.498986167484","2.1543481164128675","0.6002451545886818"
"721","930.468653041432","2.139815364579291","0.6002482886775654"
"722","1080.52930713398","2.105819919716533","0.5752271564072845"
"723","1200.59041280113","2.2487189211435883","0.5668915090714799"
"724","1230.62208871805","2.324970936554066","0.566895240744139"
"725","1230.62213988055","2.288685563646882","0.5585577979072954"
"726","960.483940167381","2.080895966336765","0.5585715021711509"
"727","900.437971618084","2.0216856905645035","0.5502151325512554"
"728","930.468860969645","2.026974467182004","0.5585466009840226"
"729","900.453583517752","2.0704277853331985","0.5752367319864791"
"730","900.453691747505","2.016739907378134","0.5752373665689845"
"731","840.423271058185","1.9465514245269724","0.5835758690915563"
"732","840.423249414307","1.8824933011279208","0.5502238330634627"
"733","810.408017285342","1.8644591553420249","0.5418883962055699"
"734","870.438374691933","1.8229283013759656","0.5418896552116199"
"735","780.377509078825","1.833535644607864","0.5418855983181154"
"736","780.391136342135","1.814628068479064","0.5418788935223591"
"737","750.377640951657","1.7947887471854351","0.5335445904201136"
"738","780.392939821933","1.7893085514036953","0.5335489391041637"
"739","780.393010653497","1.8428540339546555","0.525195644080619"
"740","930.467357452376","1.8655786064840896","0.5168575929643272"
"741","930.469310199259","1.826485781165807","0.5168562139614272"
"742","900.438385259069","1.7640907717884806","0.5168726739808628"
"743","900.454038757248","1.7193337932456825","0.5168629064896354"
"744","900.45387522981","1.715482098561668","0.5168631458836236"
"745","900.438522816868","1.7067870801601046","0.5335462589789763"
"746","930.469172927201","1.691180365634275","0.533553447482529"
"747","930.469400514382","1.6872640500247895","0.53355338355731"
"748","870.439258750269","1.7100535950079303","0.5335520260193708"
"749","1200.60637771561","1.765754098146411","0.5335421345678445"
"750","1110.56104717064","1.7466925365468575","0.5335396484151563"
"751","1020.51507631982","1.6931616898395323","0.5335507094358781"
"752","960.468751948705","1.6475972796717953","0.53355761039771"
"753","900.438583488074","1.6587223022700273","0.5335367321989927"
"754","870.438937554754","1.648098057230819","0.5669006859604864"
"755","870.438941589796","1.6354023018399189","0.55021836573663"
"756","840.423878276633","1.6153822446637032","0.5419056108055572"
"757","840.408247063824","1.5943833181697136","0.5335577155652654"
"758","930.469274400049","1.5702767154292951","0.5252130337750791"
"759","930.470075912671","1.572654779257582","0.5252056371194217"
"760","900.452700637353","1.5698259708569275","0.5168618680710809"
"761","840.42447797126","1.558796909793759","0.5168825801396408"
"762","810.408881689771","1.5326843679615665","0.5168738511030581"
"763","780.394252668949","1.525351457107173","0.5252127319820354"
"764","780.394079597608","1.5300229645375418","0.5252211268081881"
"765","780.394201536488","1.5671862804646393","0.525221345120059"
"766","750.37891858592","1.6020977898354751","0.5168584078624617"
"767","750.378839934914","1.6200464676143205","0.5085368306726954"
"768","780.394147186045","1.6119706620979128","0.5085215258624581"
"769","1050.53460834038","1.6159668216927168","0.5001820427145645"
"770","810.408790893416","1.6200337169601429","0.500195692206719"
"771","780.393304039695","1.6285973056809215","0.5001903617306818"
"772","720.36278809802","1.6185630419228634","0.5002192846579318"
"773","690.34771827358","1.6711040319313588","0.4918798218928791"
"774","660.317071225988","1.7372574162688543","0.5002138309054945"
"775","780.377559509477","1.7671191778221085","0.5252226793230653"
"776","660.332613366801","1.721124822835356","0.5001986843641272"
"777","630.301896059012","1.6825712269417423","0.4918543426383027"
"778","630.317469984089","1.6520315911507848","0.4918627480232227"
"779","600.302334105043","1.6338071828831504","0.4835150161407481"
"780","630.317622965318","1.6174272325550765","0.4751838383123836"
"781","630.317406651156","1.6029739795408813","0.4751755354290281"
"782","630.317415177414","1.6076940506767512","0.475186511590819"
"783","600.302285398589","1.605780922836805","0.4668579098357509"
"784","570.287269383319","1.6063011855494755","0.4668429367691672"
"785","570.287121695233","1.6000407752260593","0.466843611045249"
"786","540.272088747704","1.6168395677797056","0.4668422654479036"
"787","480.241832824132","1.6008132070812222","0.4668485018861209"
"788","480.241803420824","1.5860619027460143","0.4668554299263554"
"789","450.226684945169","1.56130998539554","0.4585117817697863"
"790","450.226697757141","1.551719301623267","0.4585059355154318"
"791","450.226756608812","1.5400466467506946","0.4584993208585954"
"792","480.241837901761","1.5348660114363302","0.4418252471555418"
"793","480.241551748535","1.526589177356474","0.4418300083253054"
"794","450.226726248045","1.523710078662568","0.4334903351957481"
"795","450.226729501155","1.5514303675235466","0.4334848099697027"
"796","420.211619536799","1.5636850547358403","0.4334919464966327"
"797","210.105845655325","1.5455024327495264","0.4335002508867481"
"798","540.273774870062","1.4936598759960462","0.4334899735750099"
"799","480.241865630878","1.46430789329067","0.4335049929754581"
"800","420.21131154416","1.4404105919802903","0.4334897569973017"
"801","390.196375934254","1.4587935873341404","0.4251566182987281"
"802","390.196656899497","1.459896103606885","0.4251689404566845"
"803","360.181389848548","1.4412805385109315","0.4501626824361409"
"804","360.165780394978","1.4005133305663815","0.4334973580442854"
"805","420.211651280893","1.391539780333888","0.4251580201984609"
"806","330.166174621743","1.3981649378134398","0.4168059301620981"
"807","330.166317162002","1.4024453704661834","0.4084791447125081"
"808","330.16628296177","1.412639581075794","0.4084818820320581"
"809","360.181321583397","1.4058287267601246","0.4001408308463072"
"810","300.15120425522","1.3978646527963403","0.4001394498146191"
"811","270.136050496643","1.3751872048655231","0.3918057127659181"
"812","270.120233425594","1.3596745552286895","0.4001548038376427"
"813","210.105807891202","1.333196294496453","0.4001438633793199"
"814","210.103952201243","1.314329313514372","0.4084931263684272"
"815","180.090825529769","1.30012394940765","0.3834771758772836"
"816","180.091022781358","1.2877928997478254","0.3834745910241754"
"817","180.090965433482","1.2872952875154065","0.3751376395304118"
"818","180.088751124741","1.297135881456598","0.375132095224269"
"819","180.090649796824","1.296359655206383","0.3584643800105654"
"820","210.105670664197","1.2917668745828308","0.358467109607319"
"821","210.10578195154","1.2914495747261645","0.3501317724188572"
"822","210.105807780928","1.272215430033302","0.35012484770476"
"823","240.120702198211","1.2863517698251503","0.3501238175400109"
"824","240.120825134596","1.3327286873468172","0.3417867614139745"
"825","180.090501777827","1.360430182111413","0.3501137304873745"
"826","180.090530855348","1.3143412490173791","0.3584505735602208"
"827","180.090694002021","1.2660743779820824","0.3584547427163826"
"828","180.090542649733","1.2360931251321543","0.3584533389985009"
"829","180.090647265489","1.220593012923409","0.3584517961736826"
"830","180.090725360118","1.206666817600175","0.3584459754598117"
"831","210.105974872392","1.2198072823671873","0.34178267181725"
"832","180.090553536865","1.2167335575362492","0.341764570376619"
"833","180.090682869253","1.2030867429730403","0.3417674725232354"
"834","180.090897353773","1.1861663274344965","0.3334308042700854"
"835","150.075538348697","1.1963509058104935","0.3334542623123954"
"836","150.075560493802","1.2027296637579372","0.3417798921778872"
"837","150.075547526532","1.198092712457928","0.33346093738452"
"838","150.075568007538","1.1852768845833304","0.3334597139644745"
"839","120.060444394068","1.1668917753239256","0.3418061118323427"
"840","120.060307918989","1.1525720786424554","0.3417951205971409"
"841","120.060415181389","1.1331615445844752","0.3417882221931954"
"842","156.0785341387427","1.1134573259077352","0.3418075043757736"
"843","240.120748623878","1.09649189356151","0.3334584041663735"
"844","180.090675931938","1.0867568430761674","0.3334646578357809"
"845","180.090654518571","1.078044887855263","0.3251175289463791"
"846","150.075522764811","1.075618486265797","0.3251285864970291"
"847","150.075456519713","1.0684825659406596","0.3167822206818654"
"848","120.060497446327","1.080604277646135","0.316787716051779"
"849","120.044970373091","1.0890123814894528","0.3167849395352936"
"850","120.060363126562","1.0957354050089143","0.31679391465004"
"851","120.060613861467","1.0971914869152903","0.3167863398712982"
"852","120.060434529528","1.1031548938059117","0.3667940745628417"
"853","90.0454494613513","1.0888459358938851","0.3501290213729872"
"854","90.045193934493","1.0653124794399045","0.341785382029969"
"855","120.060448990552","1.051806301896454","0.3251147851023854"
"856","90.0305534459039","1.050626714457029","0.3251174431211936"
"857","90.0453148408269","1.049316373141064","0.3167753026901209"
"858","60.0167964685242","1.0469294244720564","0.3084413409806318"
"859","90.0453065251204","1.041133833209221","0.3084411433914791"
"860","90.0453585998911","1.0348560819144457","0.3084372135682672"
"861","90.0454823232867","1.0413853131341622","0.308435855570189"
"862","60.0302138687984","1.0566512071997316","0.3001072295560436"
"863","60.0301104761165","1.0650570652720952","0.3000922362919927"
"864","60.0301957987539","1.0642570945574987","0.3000977486291272"
"865","60.0302136031386","1.064263294102555","0.3084509923564136"
"866","90.0453508956998","1.0546269542128588","0.3001005534192545"
"867","90.0454702381393","1.0359083370248654","0.29177345792097"
"868","90.0450402565184","1.0213727585462111","0.2834340298212909"
"869","90.0451874333084","1.0151404562725408","0.3001113833905845"
"870","90.0454078175535","1.010876902832078","0.3001067402095118"
"871","90.0456625574734","1.0069841623246971","0.2917804055127027"
"872","90.0453150212706","0.9947150277537778","0.2751042007119736"
"873","90.0453479985008","1.0168271401162958","0.2667564841089809"
"874","90.0453200738411","1.0749235166081077","0.2667742013921045"
"875","90.0453436125244","1.118087089501978","0.27510555479194"
"876","60.0299340013007","1.1021011080354253","0.2834393343011281"
"877","60.0303405996528","1.0715469701259073","0.2834436968621581"
"878","30.0151086511032","1.0499213382023391","0.2834395548054881"
"879","30.0149965467862","1.0337119137457558","0.2834338284855154"
"880","30.0147508393856","1.0176445596171215","0.2834271710817154"
"881","30.0017083184211","1.010435252088196","0.2917746890085382"
"882","30.0149704016512","1.0046255834348894","0.291784591392159"
"883","30.0151140796951","1.0014440210451014","0.2917707988639509"
"884","30.015142199787","0.9962981625896108","0.2917832284480709"
"885","30.0150894182734","0.9915480995748672","0.2834451443607854"
"886","30.0149620658485","0.9917512129194044","0.2834409729320427"
"887","30.0153169953846","0.9941626593405688","0.2834354796177954"
"888","0.0","0.9959354952067458","0.2750932220305463"
"889","30.0151147513806","0.9909323764839733","0.2750985402983027"
"890","0.0","0.9809700240893396","0.275105655268329"
"891","0.0","0.9777802754391648","0.2584331560673736"
"892","0.0","0.9871955129591306","0.2500913643152936"
