"cycle","Q_dch_window","energy_efficiency","SoH"
"0","1.0","1.0","0.9669641818181817"
"1","0.999866183763927","1.0008809559876222","0.967942"
"2","0.999875294137317","1.0009507343168176","0.9687438181818182"
"3","1.0078664798105614","1.002001460723404","0.9692884545454544"
"4","0.999964025697562","1.0020678542413934","0.9696151818181816"
"5","0.9999892059404096","1.0017009417958322","0.9699767272727273"
"6","1.0076632580056109","1.0025370068739337","0.97017"
"7","1.0077945827056392","1.0026178262427399","0.9704984545454544"
"8","1.0077134214720083","1.0032156971170387","0.9706541818181817"
"9","1.0076721525179733","1.0028496354125895","0.9708502727272726"
"10","1.0076434119518958","1.0030977012733593","0.9709221818181818"
"11","1.0078846849740346","1.0032842488248463","0.9709030909090908"
"12","1.0074955470328861","1.0026725914491499","0.9710413636363635"
"13","1.0076882141898522","1.0024762133636596","0.9710524545454544"
"14","0.9993901025129112","1.0036905339145938","0.9712316363636363"
"15","0.9998121713073881","1.0028579374288724","0.9712774545454544"
"16","0.9997623860654933","1.0035393358724267","0.9712696363636363"
"17","1.0074521359544555","1.0050332819451946","0.9712970909090908"
"18","1.007448285000202","1.0042909186915017","0.9713231818181818"
"19","1.0077231638179116","1.0038299126001196","0.9712639090909089"
"20","1.0078416128441545","1.0039135716510672","0.971371909090909"
"21","1.007731759758009","1.0034101590668691","0.971402909090909"
"22","1.007601679411329","1.0040251202597257","0.9713817272727273"
"23","0.9998215369265102","1.0032410509606005","0.9713160909090908"
"24","0.9996673630407353","1.0025079525644682","0.9713873636363635"
"25","1.0000540678936134","1.003625776829471","0.9713307272727272"
"26","1.007727056568555","1.0024592712275537","0.9713054545454544"
"27","0.9996262584825434","1.002759358604147","0.9712106363636364"
"28","1.0076880187972017","1.0034417866940963","0.9710863636363636"
"29","0.9996943798096902","1.0026669710599136","0.9713568181818182"
"30","1.0000398059978144","1.0029383509495333","0.9714574545454545"
"31","0.9998030143464867","1.0030889534383305","0.9714326363636362"
"32","0.9997223041571718","1.0024320178865513","0.9714538181818181"
"33","0.9997648328007663","1.0032825907386045","0.9715585454545453"
"34","0.9997135978353752","1.0030097016711528","0.9714119999999999"
"35","1.0077846159327057","1.0016443705364984","0.9715022727272726"
"36","1.0000463794972585","1.0016499346243632","0.9715106363636363"
"37","0.9997565067500932","1.0013610315400965","0.9713891818181817"
"38","1.000034217925703","1.002219727309912","0.9713261818181816"
"39","0.9997804275298053","1.002541164284955","0.9714449090909091"
"40","0.9921848195685518","1.001829745232131","0.9714419090909091"
"41","0.9999902314430823","1.0022354601533163","0.9714149090909091"
"42","0.999971263458521","1.0014755926885506","0.9713495454545454"
"43","0.9999437308391201","1.0027387168962276","0.9713136363636363"
"44","0.9998865817557646","1.0018856884517124","0.9713209999999999"
"45","1.0004332042843755","1.0015159630850772","0.9713945454545455"
"46","0.9922446877296909","1.0027587857754752","0.9714372727272726"
"47","0.9920522824961395","1.0028561842134183","0.9714630909090908"
"48","1.0001626500867686","1.001855067430347","0.9714882727272726"
"49","1.00020297081788","1.0021468777431608","0.9714260909090907"
"50","1.0004869904949647","1.0024491535297262","0.9714579999999999"
"51","1.000118565113787","1.0017031387043627","0.9713842727272726"
"52","1.0002250733281444","1.001314607279207","0.9714393636363635"
"53","0.9925153288366275","1.002175554423143","0.9714214545454545"
"54","1.0002083356177534","1.0028243248520978","0.971372"
"55","1.0002276509715535","1.0017798845968695","0.9713204545454545"
"56","1.0002930644223325","1.0027349813185291","0.971279"
"57","1.0003449912161115","1.0008596184343723","0.971354818181818"
"58","0.992906424629732","1.0010599727893157","0.9713425454545453"
"59","0.9927404078115043","1.001049270963832","0.9713001818181818"
"60","0.9928378515497894","1.0009018134287069","0.9712334545454545"
"61","0.9927886028325369","1.0008809490659798","0.9712235454545454"
"62","0.9930718411141215","1.000545341883942","0.9712189090909091"
"63","0.9927853524734386","0.9999442085594105","0.9712474545454545"
"64","0.9925667976223675","1.0013864806486157","0.9711297272727273"
"65","0.9924670355234916","1.0004254066347078","0.9710640909090907"
"66","0.9926914377104044","1.0009592549811464","0.9709650909090909"
"67","0.9847377383065611","1.0008801260992768","0.9709499090909091"
"68","0.9928016012731466","1.000804575532891","0.9709387272727272"
"69","0.9847163060777432","0.9987326127815412","0.9708017272727272"
"70","0.9847213089533228","0.9987442451623648","0.9706898181818181"
"71","0.9925952624581333","1.0000690954801255","0.9708194545454545"
"72","0.984677494833759","1.0007067376110592","0.9706956363636362"
"73","0.9923318061482499","1.000628458769794","0.9705760909090908"
"74","0.9847522840023045","1.0006828517137372","0.9709017272727272"
"75","0.9849252423531155","1.0009867733827849","0.9706812727272727"
"76","0.9845206335138639","0.9994175892185948","0.9706319090909089"
"77","0.9844395893722312","1.0008088797770633","0.9707505454545453"
"78","0.9844287466803101","0.9995864344107623","0.9705815454545453"
"79","0.9844289422311009","0.9999647122083749","0.9706484545454546"
"80","0.9846196114389066","1.000619112219672","0.970645818181818"
"81","0.9921287764599906","0.9999113236313443","0.9705944545454545"
"82","0.9844151388260644","0.9996453796476148","0.9705747272727272"
"83","0.9844010019195978","0.9999716731509749","0.9705594545454544"
"84","0.9844387477576637","1.0004378124294546","0.9706000909090907"
"85","0.9844814638573168","1.0008711970554889","0.9706612727272728"
"86","0.9923040206792387","1.0003549822576516","0.9706837272727272"
"87","0.9841941732767269","0.9999043481158837","0.9706047272727272"
"88","0.9842596332263805","0.9996751853395892","0.9705924545454545"
"89","0.9843188324649724","0.9997507147225346","0.9704343636363636"
"90","0.9840708385048211","0.9997219591870858","0.9703343636363635"
"91","0.9843915512178004","1.00003104798786","0.9703466363636364"
"92","0.9842256973195561","1.000299666445221","0.9703136363636363"
"93","0.9841967381673448","1.0002783741850712","0.9702561818181817"
"94","0.9842886887783023","1.0006781586656053","0.970302909090909"
"95","0.9765818890993719","0.9984670933373037","0.9701508181818181"
"96","0.9763142769962926","0.9987614853382132","0.9701850909090909"
"97","0.9764282046029249","0.9982654888240179","0.9701397272727271"
"98","0.9762787690689959","0.9991881047828911","0.9701139090909091"
"99","0.9846217761866778","0.9985387759759848","0.9700236363636363"
"100","0.9763378487534877","0.9988646815682449","0.9700039090909091"
"101","0.9843902379990468","0.9995186654145055","0.9699369999999998"
"102","0.9763523071095513","0.9991142908965828","0.969987818181818"
"103","0.976374877945153","0.9990992026794303","0.9699065454545455"
"104","0.9764833073368061","0.9988762721741575","0.9698618181818182"
"105","0.9763056779509953","0.9986602176223931","0.9698233636363636"
"106","0.9842213540443512","0.9993829344784868","0.969835909090909"
"107","0.9764426733587496","1.0003848147330348","0.9699405454545453"
"108","0.9843326852655078","0.9999645632718555","0.9698800909090908"
"109","0.9761079048041998","0.9996360823643232","0.9698730909090908"
"110","0.9845943456874554","1.0002348463661583","0.9698226363636362"
"111","0.9768325743664549","0.9991619602296948","0.9698447272727271"
"112","0.9846918606833204","1.000148388748775","0.9698966363636362"
"113","0.9848821441220612","1.0011261396680409","0.9698597272727272"
"114","0.9849859470455908","1.0005615679781263","0.9697803636363637"
"115","0.9850807980151578","1.0006846527704951","0.969752909090909"
"116","0.9847058787178342","1.0009053514929855","0.9697865454545455"
"117","0.9847450255718068","0.9999768807858719","0.9697260909090909"
"118","0.9848368120298826","1.0003261721000443","0.9698157272727271"
"119","0.9844410511039927","0.9987105461998981","0.9697082727272727"
"120","0.9846279615484885","0.9997035804950822","0.9695303636363636"
"121","0.9849766809855413","0.9991945690830786","0.9695056363636363"
"122","0.9842529733458492","1.0003732084245818","0.9694395454545454"
"123","0.97669913369736","1.0006909562524937","0.9694305454545453"
"124","0.9766801773937651","0.9992434956683832","0.9693918181818181"
"125","0.9763267716495551","0.999350754491674","0.9694087272727271"
"126","0.9764090863495728","1.000548897455167","0.969335818181818"
"127","0.9764743223410547","0.9998707985450033","0.9692613636363636"
"128","0.9763671448941591","0.9993632212903851","0.9692198181818181"
"129","0.9684054578885725","0.9988520771242362","0.9692748181818182"
"130","0.9683319250852661","0.9998963393807421","0.969194"
"131","0.9763280074913945","0.9985569404057757","0.9690666363636363"
"132","0.9763765990894401","0.9987395712445961","0.9690505454545453"
"133","0.968323870703985","0.9989045991503784","0.9689467272727272"
"134","0.9763889921956745","0.9983809064017332","0.9689715454545453"
"135","0.968360260102485","0.9997118198469049","0.969055909090909"
"136","0.9764682738383306","0.9982131694946252","0.9689138181818181"
"137","0.968107663661589","0.9979716082483613","0.9688817272727273"
"138","0.9761540248513516","0.9985965047117794","0.9688735454545453"
"139","0.9683175231368065","0.9984702587639624","0.9689041818181817"
"140","0.9763888229651531","0.9992035720308172","0.9688818181818182"
"141","0.9762691050112433","0.9978784056073642","0.968873909090909"
"142","0.9762887899363315","0.9996282197413149","0.9688353636363636"
"143","0.9763253652596443","0.9996193237058361","0.9688022727272727"
"144","0.9761569708694485","0.9996258029535199","0.9687179999999999"
"145","0.9758706423845446","0.9992992972001874","0.9686220909090909"
"146","0.9762591721222595","0.9996598448876309","0.9687180909090908"
"147","0.9683909534516936","0.9990890651201297","0.9687193636363635"
"148","0.9759592970376876","0.9997777542110273","0.9686362727272727"
"149","0.9763684994071088","0.9994530405429656","0.9685070909090907"
"150","0.9762295995564726","0.9988434855089495","0.9683921818181818"
"151","0.9765432725764442","0.9986416326038534","0.9683693636363636"
"152","0.9685224585237582","0.9992365459101074","0.9683888181818182"
"153","0.9764099360127173","0.9988671417838401","0.9683807272727272"
"154","0.9686375337450703","0.9988398185831737","0.9682792727272725"
"155","0.968698824084064","0.9990536332508968","0.9683144545454545"
"156","0.9686195049973044","0.9974298882227122","0.9682985454545454"
"157","0.9686573161216316","0.9981867652912195","0.968161909090909"
"158","0.960836318950019","0.9978063268746399","0.9681155454545454"
"159","0.9689725271445983","0.9985697480066047","0.9680772727272727"
"160","0.9687686234587591","0.996924857995357","0.9679294545454544"
"161","0.9612065295708961","0.9975032820316388","0.967912909090909"
"162","0.9610746875838316","0.9971209713463892","0.9678539999999999"
"163","0.9611514876292115","0.9965846344922927","0.9678172727272727"
"164","0.9609384698649326","0.9982807451051984","0.9678237272727271"
"165","0.9611465059797819","0.9982667430865111","0.9677584545454545"
"166","0.9610283099294508","0.9970822372414253","0.9677975454545454"
"167","0.968922926788018","0.9980836444922383","0.9678221818181817"
"168","0.9688600657499892","0.9980302524868867","0.967819909090909"
"169","0.9690077204716749","0.9989296043503924","0.9678627272727272"
"170","0.969235610180456","0.9982387330007007","0.9677967272727271"
"171","0.9689817416089134","0.997773871938181","0.9678093636363636"
"172","0.9689558766559982","0.9987113771236424","0.9677613636363634"
"173","0.969011470575765","0.997457207946949","0.9676858181818181"
"174","0.969125451578149","0.9984240840311338","0.9676636363636363"
"175","0.9611359635378027","0.9984494113686261","0.9675564545454545"
"176","0.9610889045508507","0.9980246186361255","0.9675962727272727"
"177","0.9686859147961181","0.9988321542523145","0.9676033636363635"
"178","0.968785379444326","0.9990178518618283","0.9676341818181817"
"179","0.9690643643904397","0.9982986532438932","0.9675668181818181"
"180","0.968446781367444","0.9989840636647217","0.967512909090909"
"181","0.960833054548333","0.9974612728377802","0.9674184545454544"
"182","0.9690467593370272","0.9992633656350407","0.9674077272727272"
"183","0.9607245552371206","0.9978405421406831","0.9673848181818182"
"184","0.9684512131014337","0.9965690211463917","0.9673164545454545"
"185","0.9608847497297471","0.9977247996079904","0.9673213636363636"
"186","0.96098374125686","0.9971784404213605","0.9673026363636362"
"187","0.9685446929227934","0.9972878354647802","0.9672724545454545"
"188","0.9605778831425067","0.9970832733119434","0.9671263636363635"
"189","0.960605226462665","0.997570032418681","0.9671546363636362"
"190","0.9605109905923922","0.9985758958782013","0.9670576363636363"
"191","0.9529191746052363","0.9974264801527698","0.9669802727272727"
"192","0.9606724446037495","0.9968239527428862","0.9668926363636362"
"193","0.9528429099719604","0.9965220896349063","0.9669143636363635"
"194","0.952711803606672","0.9960958727713513","0.9668215454545455"
"195","0.9607736218522307","0.9952400997370702","0.9666438181818181"
"196","0.9529156058485031","0.9969228924500663","0.9666351818181818"
"197","0.9532239749404359","0.9965785606063103","0.9666795454545453"
"198","0.9608902065536858","0.9973604908223838","0.9667188181818182"
"199","0.9611416796289988","0.9979762544577089","0.9667457272727272"
"200","0.9528218544344838","0.996781515046401","0.9665986363636364"
"201","0.9610325143109734","0.9970448227146899","0.9666522727272726"
"202","0.9602229347504561","0.9974566217844393","0.9666139090909089"
"203","0.9604862492656726","0.9976628662745465","0.9665655454545453"
"204","0.9603236839438838","0.9990087966092864","0.9664851818181818"
"205","0.9604995120023264","0.9976000017621414","0.9665667272727272"
"206","0.960288452333086","0.9976358718956074","0.9665960909090908"
"207","0.9604652743894053","0.9979232694744283","0.9665968181818182"
"208","0.9607047988481021","0.9985373482203765","0.9665259090909091"
"209","0.960173511573849","0.9979484583875239","0.9664496363636362"
"210","0.9603835083074227","0.9972389937316526","0.9663887272727273"
"211","0.9601388302437877","0.9983436832594954","0.9664136363636363"
"212","0.9602176120874683","0.9985121891546876","0.966340909090909"
"213","0.9602588519492339","0.9978297695972843","0.9662903636363636"
"214","0.9602919598173237","0.9991156767389526","0.9662304545454544"
"215","0.960287695175993","0.9983152850871461","0.9662575454545453"
"216","0.9605077169736547","0.998935030340263","0.9661926363636363"
"217","0.9603519304406039","0.9994815582241982","0.966219"
"218","0.9605344704777796","0.9997717272799217","0.9661583636363635"
"219","0.9684908173752731","0.9992841553741121","0.9661318181818181"
"220","0.9683661543295161","0.9996659525457875","0.9661137272727272"
"221","0.9605907206165518","0.9976387212957605","0.9660523636363636"
"222","0.9685939172302499","0.9989971498894221","0.965998090909091"
"223","0.9608286033676997","0.9990264952104956","0.9660254545454544"
"224","0.9609591231686047","0.9989287465882277","0.9659408181818181"
"225","0.9607218105700596","0.9989177775212867","0.9658475454545453"
"226","0.9609815054616244","0.9985890406603435","0.9657785454545454"
"227","0.9533407145930699","0.9993470610919333","0.9657628181818181"
"228","0.9606511267624342","0.9990782519819634","0.9657493636363635"
"229","0.9609573752661098","0.9997387770143988","0.9657061818181818"
"230","0.9604503360259867","0.9978693985276563","0.9656676363636362"
"231","0.9607653987405971","0.9990472097621897","0.9655897272727273"
"232","0.960909528683763","0.9982972584885472","0.965505"
"233","0.9608578508290119","0.9983446053131828","0.9654878181818182"
"234","0.9605718065264304","0.9986501838200027","0.9654496363636363"
"235","0.9606632571246972","0.9984142765606444","0.9654956363636363"
"236","0.9605908258299166","0.9990126771883227","0.9653636363636363"
"237","0.9606046503961012","0.9979530673079109","0.9653884545454545"
"238","0.9527920913215746","0.9969127408210943","0.965293"
"239","0.9525246443073584","0.9979771991515625","0.9652264545454544"
"240","0.9606472056285764","0.9977499414343232","0.9650830909090908"
"241","0.9604832613272141","0.9975376688497144","0.9650928181818181"
"242","0.9526914521921","0.9972350537372808","0.9650776363636363"
"243","0.9603625590683007","0.998228163588812","0.9649956363636363"
"244","0.9528202841112625","0.9983363497167816","0.9650138181818182"
"245","0.9524567252230798","0.9980683375876044","0.964965818181818"
"246","0.9605227602158691","0.9981954776045062","0.9649962727272726"
"247","0.9601398161945122","0.9977358259580703","0.9649444545454544"
"248","0.9523103138735037","0.9974561592709067","0.9649010909090909"
"249","0.9524406050825419","0.9980722586501724","0.9648561818181817"
"250","0.9524946524478473","0.9983946039759015","0.9648306363636362"
"251","0.952398107097782","0.9985378232088352","0.9647372727272726"
"252","0.960487786133541","0.9984728657350597","0.9647314545454544"
"253","0.9604514801809317","0.9987810182396654","0.964731"
"254","0.9527832900336539","0.9987058652422686","0.964640090909091"
"255","0.9522994775129934","0.99799017789619","0.9645209090909089"
"256","0.9604105918087935","0.997412676146786","0.9645025454545453"
"257","0.9524678065928015","0.9982543840173368","0.9644316363636362"
"258","0.9521468807623439","0.9987422036685045","0.9644079999999999"
"259","0.9522560981152934","0.9986774531305551","0.9643520909090909"
"260","0.9524554795286623","0.9981458664777954","0.9642791818181816"
"261","0.9523184639395107","0.998197780027323","0.964284909090909"
"262","0.9603415014949005","0.9984089799392022","0.9642173636363635"
"263","0.9604435870436251","0.9985945636723006","0.964142909090909"
"264","0.9524836825652868","0.9975838862855726","0.9641454545454544"
"265","0.9527209339942267","0.9983318811028914","0.9641408181818182"
"266","0.9525496332936358","0.9972918007749957","0.9641223636363635"
"267","0.9528837568604125","0.9981664830208893","0.9640288181818182"
"268","0.9528134666939391","0.996651859441692","0.9638756363636364"
"269","0.9527539729167772","0.9977030307012734","0.9637685454545453"
"270","0.9528898700778495","0.9955425106055581","0.9637063636363635"
"271","0.9450485767910001","0.9967386292853","0.9637365454545453"
"272","0.9528839271314958","0.9968213745255233","0.9636969090909091"
"273","0.9450342679992988","0.9966624023185123","0.9636949090909089"
"274","0.952910869283919","0.996670231764797","0.9636974545454544"
"275","0.9528299308506096","0.995850872282831","0.963646909090909"
"276","0.9451754359161308","0.9954890323483506","0.963562818181818"
"277","0.9530848591119515","0.9962983248973768","0.9634872727272726"
"278","0.9530356188761527","0.9973550027659132","0.9634283636363635"
"279","0.9529746793540865","0.9979229508188742","0.9633052727272725"
"280","0.9450152503109152","0.9963552191708704","0.9632950909090908"
"281","0.9532445480720052","0.9972470422154793","0.9631798181818181"
"282","0.9531968181637971","0.9964288387118079","0.9620954545454545"
"283","0.9454420057236155","0.99649862958181","0.9631271818181818"
"284","0.9454104683518862","0.9970601564407603","0.9630311818181817"
"285","0.9452347338814732","0.9973600972535028","0.9630805454545452"
"286","0.9451536870993428","0.9963972887227438","0.9630244545454545"
"287","0.9452844337995595","0.9956393468785618","0.962927"
"288","0.9453089601252069","0.9959479354580599","0.9628973636363635"
"289","0.9450632193567816","0.9955339923355202","0.9628184545454546"
"290","0.945340637352489","0.9948045100774767","0.9627822727272726"
"291","0.9454220735826067","0.9946637196716014","0.9627160909090909"
"292","0.9449172116007272","0.9965170052867354","0.9626963636363636"
"293","0.945077914164594","0.9963266812190635","0.9626506363636363"
"294","0.9455340951226803","0.9950635193477081","0.9625765454545453"
"295","0.9451935729899438","0.997680068583397","0.9625348181818181"
"296","0.9448835302419483","0.9958234264722529","0.9625439999999998"
"297","0.9452797419252562","0.9949822950027609","0.9624917272727272"
"298","0.9376243520523402","0.995930791774474","0.9624381818181816"
"299","0.9455656811954632","0.9960160289186017","0.962371818181818"
"300","0.9372402115592083","0.9953043186614521","0.9623290909090908"
"301","0.9374833706417705","0.9968761562773348","0.9622132727272726"
"302","0.9454271515351483","0.9973337783574874","0.9622258181818182"
"303","0.9452098191895738","0.9963838224988133","0.9622352727272726"
"304","0.945330055615816","0.99640286475682","0.9622692727272727"
"305","0.9452546893917779","0.994801515896399","0.9621160909090908"
"306","0.9372675291791938","0.9965276340299917","0.9621185454545453"
"307","0.9369556415129262","0.9949643631953053","0.9620095454545453"
"308","0.9373276128046317","0.995598507658505","0.9619390909090908"
"309","0.9450960904557744","0.9955265841474051","0.9618775454545454"
"310","0.9451328543353907","0.9962474713507186","0.9618605454545454"
"311","0.9452592094541801","0.9952123596277235","0.9617006363636363"
"312","0.9452941459145726","0.9953564656789275","0.9616868181818181"
"313","0.9451472740042086","0.9949928084384186","0.9615676363636362"
"314","0.9375950329145035","0.9959310116792196","0.9616050909090909"
"315","0.9376093590167047","0.9952794898343379","0.9615678181818181"
"316","0.9374300172584502","0.9954064327528351","0.9615219090909091"
"317","0.937388226339699","0.9957748169097813","0.9614639999999999"
"318","0.9372401137521821","0.994394213877208","0.9613184545454544"
"319","0.9373304286868004","0.9947814230202577","0.9613021818181817"
"320","0.9372205083889804","0.9953229199727668","0.9612676363636362"
"321","0.936994658073009","0.9953442482608714","0.9611612727272727"
"322","0.9368441193565488","0.9942527858872118","0.9611143636363636"
"323","0.9369735023475062","0.9955648841716294","0.9611126363636364"
"324","0.9368792286663982","0.995011351724053","0.9610477272727271"
"325","0.937325043019415","0.9946746893515271","0.9609601818181817"
"326","0.9370882160119335","0.995356776934994","0.9609739090909091"
"327","0.929983153491165","0.9951366571473402","0.9609274545454545"
"328","0.9295116596608377","0.9945231363860769","0.9608269090909091"
"329","0.9370589560115485","0.9961454515222974","0.960819909090909"
"330","0.937732211437364","0.9955484087442182","0.9607398181818181"
"331","0.92954063563481","0.9943516273991987","0.9606717272727272"
"332","0.9296234960849147","0.9971470645211721","0.9606877272727273"
"333","0.9368363669645111","0.9930633436142353","0.9605902727272726"
"334","0.9374258420730021","0.9923995426621137","0.9605682727272726"
"335","0.9371839920840386","0.9936960339701129","0.9604314545454545"
"336","0.9374641952518687","0.994182608242234","0.9603425454545453"
"337","0.9369837586411041","0.9933215984687233","0.9603178181818182"
"338","0.9369519654085836","0.9935616969377205","0.9602460909090909"
"339","0.9291985296356688","0.9936456059478652","0.960140909090909"
"340","0.9291646856503905","0.99360958979413","0.9600402727272725"
"341","0.9294660817682767","0.9948169153474249","0.9599392727272725"
"342","0.9292623893581536","0.9926567782525283","0.959961"
"343","0.9369578744296556","0.9940830203812973","0.9597670909090907"
"344","0.9289346045608176","0.9939284950069989","0.9597863636363636"
"345","0.9294774977588948","0.9942098597327879","0.9597324545454545"
"346","0.9370944267852348","0.9938128412577386","0.9595691818181817"
"347","0.9293402131303669","0.9951569171194439","0.9595779090909091"
"348","0.9211166318505918","0.9946899360737582","0.9595971818181818"
"349","0.9291033744213226","0.9936122163016841","0.9594811818181816"
"350","0.92917954625369","0.9931505011329441","0.9594679090909091"
"351","0.9291046095985995","0.9940050880907079","0.9595125454545455"
"352","0.9214583435622811","0.9932722414728132","0.959482"
"353","0.9291094109626425","0.9939552923933849","0.9593901818181818"
"354","0.9217301391729186","0.9921366809064927","0.9592882727272726"
"355","0.921705321899224","0.9936398574418311","0.9591737272727272"
"356","0.9215519665494777","0.9933930316944692","0.9591125454545454"
"357","0.9297174731661885","0.992736560811785","0.9589638181818181"
"358","0.9295436284608043","0.9925432690990558","0.9590260909090909"
"359","0.929562961924499","0.9943564876202984","0.9590055454545453"
"360","0.9293848884086391","0.9945028494146413","0.9590956363636364"
"361","0.9294036217797657","0.9943695136174492","0.9590241818181817"
"362","0.9295428168694295","0.9934799672930916","0.9590051818181817"
"363","0.9294687491334473","0.9953514587327233","0.9589224545454546"
"364","0.9293787544030812","0.9940090861941917","0.9588724545454544"
"365","0.929404245961515","0.9947756963232167","0.9588462727272726"
"366","0.9294959684578891","0.9945790141099395","0.9587733636363636"
"367","0.9293397209611844","0.9940214751127122","0.9587107272727272"
"368","0.9293693854839381","0.99276984479974","0.9586055454545453"
"369","0.9291182440674641","0.9939925219469603","0.9584789090909089"
"370","0.9293452636170847","0.9934985540553296","0.9585161818181818"
"371","0.9212168504204301","0.994378916314328","0.9584599999999999"
"372","0.9289837226916426","0.993066582358522","0.9583813636363636"
"373","0.9293559853740538","0.9940553727813753","0.9583441818181817"
"374","0.9291967527953093","0.99370648002293","0.9582531818181816"
"375","0.9291165998964219","0.9929062936979444","0.9582366363636362"
"376","0.9216326884402519","0.9940508588968155","0.9581631818181818"
"377","0.9290980752797781","0.9943678365476596","0.9581112727272727"
"378","0.9293761725176257","0.9933647225886448","0.9579440909090907"
"379","0.9292434799697002","0.9948561352369136","0.9580035454545452"
"380","0.9214644766880434","0.9936264231198365","0.9579294545454545"
"381","0.9293245969145544","0.9945400557408511","0.9578653636363635"
"382","0.921399058493212","0.993405584647032","0.9578009090909091"
"383","0.9211767448532344","0.9941292810338619","0.9576169999999998"
"384","0.9214278689633523","0.9940641493051194","0.9577062727272726"
"385","0.9295111957461927","0.9938292197203522","0.9575950909090909"
"386","0.9213778768613786","0.9927319358758311","0.957490818181818"
"387","0.921872751095921","0.9934768578816991","0.9574196363636363"
"388","0.9213128561325304","0.9942797575962617","0.9573676363636363"
"389","0.9212937531691002","0.99472132610507","0.9573626363636363"
"390","0.9214529295538985","0.9926490471404872","0.9572926363636364"
"391","0.9213750878601161","0.9930883983788393","0.9572029999999999"
"392","0.9215559370546765","0.9938017305699561","0.9571603636363635"
"393","0.9216334852225891","0.9939958488158348","0.9570563636363635"
"394","0.9213412867230119","0.9937416697615759","0.9570608181818181"
"395","0.9291608257546597","0.99536319494968","0.957042"
"396","0.9212442793484289","0.9933363138777412","0.9569220909090908"
"397","0.9212174053591343","0.9935366181298674","0.9569428181818181"
"398","0.9210797309517517","0.9921065104196164","0.9568098181818181"
"399","0.920891291994949","0.9936483382069162","0.9567274545454544"
"400","0.9133363320738569","0.9937355898618041","0.9566445454545454"
"401","0.9131754175592586","0.9924352328495446","0.9565451818181818"
"402","0.9212786364074549","0.9934612578690364","0.9565014545454544"
"403","0.9212637111159969","0.9930104257855555","0.9564331818181818"
"404","0.9133502203753852","0.9935566233516401","0.956370909090909"
"405","0.9210873595089177","0.9933452090701035","0.9563268181818181"
"406","0.9132676505115589","0.9945537796523364","0.956288909090909"
"407","0.9134390173974444","0.9933909446641632","0.9561666363636364"
"408","0.9135248691991495","0.9925941463490361","0.9560870909090909"
"409","0.9136984970220435","0.992742116854822","0.956019818181818"
"410","0.9139136897047918","0.9933721122533888","0.9559379090909089"
"411","0.9215698435772506","0.993116536743074","0.9558921818181817"
"412","0.9135149869793426","0.9925134442744163","0.9558210909090908"
"413","0.9134429411751096","0.9935323921913513","0.9557913636363635"
"414","0.9214311893703158","0.9927358478301332","0.9556733636363635"
"415","0.9134125378337618","0.9933022120915043","0.9555502727272726"
"416","0.9215035633043841","0.9927420553758531","0.9555724545454544"
"417","0.913510103069268","0.9913010132465996","0.955521"
"418","0.9211832258832077","0.9931147449185745","0.9554545454545453"
"419","0.9212555997390245","0.9923397439750772","0.9553176363636362"
"420","0.9216070094109602","0.9927388004342859","0.9552503636363636"
"421","0.9135173451203983","0.992566874953344","0.9551475454545453"
"422","0.9215081385815023","0.9946177145659286","0.9551979090909091"
"423","0.9134124672151359","0.9924387823596084","0.9540160909090908"
"424","0.9132896219660871","0.992790372144419","0.9551250909090908"
"425","0.9137497544007233","0.9931700741541579","0.9550024545454545"
"426","0.913319564777554","0.9914800917694603","0.9549815454545453"
"427","0.9135582341269504","0.9921847085195882","0.9548391818181817"
"428","0.9210727039335577","0.9927817990157989","0.9547647272727273"
"429","0.9139338582009353","0.9933761282436161","0.9546876363636364"
"430","0.9137166555331226","0.9936846393623152","0.9546286363636363"
"431","0.9136385210815995","0.9922776561823563","0.9545299090909091"
"432","0.913564428600805","0.9924469154346865","0.9545458181818182"
"433","0.9136036713433155","0.9920330884536175","0.9543589999999998"
"434","0.9135840948212635","0.993327173194423","0.9543720909090908"
"435","0.9058741444460323","0.9917814049602243","0.9542196363636363"
"436","0.9134365469105311","0.9914767330397296","0.9542229999999998"
"437","0.9135618380891051","0.9914192845953981","0.9541563636363635"
"438","0.9135330955123855","0.9910235347047974","0.9540503636363636"
"439","0.9056697037603363","0.9906472801649401","0.9539206363636362"
"440","0.9057825049692643","0.9922565718084555","0.9539059999999998"
"441","0.9056390789040916","0.9913525882248364","0.9537543636363636"
"442","0.9052519291966352","0.9916264121840624","0.9537169999999999"
"443","0.9053595338924652","0.9904858422964057","0.9535871818181818"
"444","0.9053524298531459","0.9919377112400446","0.9534930909090908"
"445","0.9055536552298744","0.9908225786269252","0.9534331818181817"
"446","0.9052615892747363","0.9900298504128379","0.9532845454545454"
"447","0.9055129409871816","0.9903564367660584","0.953201818181818"
"448","0.9051423107995177","0.9905293917328079","0.9531080909090908"
"449","0.9051121330408244","0.9921966383647639","0.9530637272727273"
"450","0.9051989102737724","0.99154085107425","0.9530256363636364"
"451","0.9052723566247507","0.9921365484161593","0.9529972727272726"
"452","0.9054533884236047","0.9913912820342687","0.953007909090909"
"453","0.9053034256830013","0.9922087017039237","0.9529032727272727"
"454","0.9054725712470336","0.9916108036587156","0.9528886363636363"
"455","0.905601606036578","0.9927481153233623","0.9528482727272727"
"456","0.9055214896651482","0.9918520601931017","0.9527704545454545"
"457","0.9055344848433647","0.9918348032294815","0.9527932727272727"
"458","0.9056893968715748","0.9925652055497222","0.9527329090909091"
"459","0.9059237188279943","0.9915377581422813","0.9525650909090908"
"460","0.9135808242315147","0.9912682122930566","0.9525379999999999"
"461","0.9058305998756142","0.9918467111887674","0.952438"
"462","0.905532288098173","0.9926728314687729","0.9523259090909091"
"463","0.9131838259177002","0.9922779249508773","0.9522863636363635"
"464","0.9058104765332788","0.991846155863738","0.9521931818181818"
"465","0.9054621566016872","0.9909023212675961","0.9520816363636362"
"466","0.9058709856449859","0.9920114016446607","0.9520089999999999"
"467","0.9057009119798918","0.9914452601976794","0.951927818181818"
"468","0.9056060402335036","0.9929312603919566","0.9518144545454544"
"469","0.9055683710073805","0.9909219519835613","0.9517597272727271"
"470","0.9056562653683198","0.9927662306703056","0.951741909090909"
"471","0.9056495551481919","0.9922649078429905","0.9515978181818182"
"472","0.9057705976876778","0.9894708828306412","0.9514428181818181"
"473","0.8976308053676884","0.9907589089090487","0.9513113636363635"
"474","0.9052986223872362","0.9903805971633389","0.9512826363636362"
"475","0.8975249305402851","0.9915017883629579","0.9512304545454544"
"476","0.8978958018829573","0.9910705546929895","0.9510795454545454"
"477","0.897454186754404","0.990415827696379","0.951056909090909"
"478","0.9058681105449568","0.9915398039869155","0.9509565454545454"
"479","0.8977735211524245","0.9911098653529968","0.9508701818181816"
"480","0.897984970140042","0.9903062503788265","0.9507276363636363"
"481","0.8979448897651424","0.9901388583194727","0.9506984545454544"
"482","0.8982631052123428","0.989012866263363","0.950540909090909"
"483","0.8981881141038047","0.9898907915884393","0.9505773636363635"
"484","0.8979328560494898","0.9899804851402881","0.9505340909090907"
"485","0.8980603002724544","0.989989643884569","0.9502872727272725"
"486","0.8983115969038925","0.9908572477286951","0.9502371818181817"
"487","0.8980693233560704","0.990571774962584","0.9501961818181818"
"488","0.8978546323039762","0.9908748006810392","0.9501089999999999"
"489","0.8978740139591865","0.9905173252813557","0.9500127272727273"
"490","0.8979877148952329","0.98976806842938","0.9499253636363635"
"491","0.8900696684487281","0.990725326477506","0.949839909090909"
"492","0.8901700604426508","0.9900292227934564","0.9498392727272726"
"493","0.8980830337075961","0.9889049751215915","0.9496884545454544"
"494","0.8900984844256572","0.9891208552278788","0.9495070909090908"
"495","0.8900237151275369","0.9887757973330142","0.949425818181818"
"496","0.8901766582458202","0.9892250162382036","0.9492955454545454"
"497","0.8899379224795734","0.9897252921017773","0.9492909999999999"
"498","0.8899862724515157","0.9892696018029835","0.9492052727272726"
"499","0.8898372109205613","0.9896102635336823","0.9491158181818181"
"500","0.8897211268557287","0.9896079337383284","0.9489879999999998"
"501","0.8898113714568013","0.989208875604795","0.9488790909090907"
"502","0.8898454613597563","0.9890162122992158","0.9488530909090909"
"503","0.8896634045826933","0.9887859044595776","0.9486590909090908"
"504","0.8899281452361497","0.9876204422152762","0.9485126363636361"
"505","0.8896202309729249","0.9886635397110448","0.9484531818181816"
"506","0.8897618194414372","0.9874739376920816","0.9482861818181817"
"507","0.8816744131507924","0.9871022487531427","0.9481502727272727"
"508","0.8818855137870918","0.9861242359147657","0.9480587272727271"
"509","0.8817778774012213","0.9862322172910862","0.9478164545454545"
"510","0.8741880178472673","0.9876422622875308","0.9477073636363637"
"511","0.8820136730070112","0.9871074572783314","0.9476827272727272"
"512","0.8741840549143636","0.9871819541256035","0.9474836363636363"
"513","0.8820909068435839","0.9859685233270788","0.9474557272727273"
"514","0.8819999474242813","0.9883787758233925","0.9473335454545454"
"515","0.8822058722982203","0.9877304554310725","0.9471973636363636"
"516","0.8821484134689471","0.9889212394579984","0.9472579999999998"
"517","0.8902643854479451","0.9885181557412158","0.9471365454545454"
"518","0.8823227998226539","0.9874349220401583","0.9470674545454546"
"519","0.8896381235143968","0.9886619876933092","0.947083"
"520","0.8901132926728159","0.9869520928924355","0.9468739999999999"
"521","0.8821510326524061","0.9890725220224372","0.9468459090909089"
"522","0.882485642284888","0.9881561619939176","0.9467264545454545"
"523","0.8897297817184092","0.9873167383032923","0.9465773636363636"
"524","0.8818719599957057","0.9891043134944718","0.9465022727272726"
"525","0.8899310927104216","0.9879474651482163","0.9463871818181817"
"526","0.8900571545498217","0.9879301084157385","0.9463760909090908"
"527","0.8819924514397642","0.9881655379894965","0.9462042727272726"
"528","0.8819563996939989","0.9880912930360513","0.9460786363636363"
"529","0.882056456570583","0.988203377414152","0.9459829999999999"
"530","0.8819502958700504","0.9871144731610721","0.9459320909090909"
"531","0.8818876919964712","0.9875041879626374","0.9458666363636363"
"532","0.8818617589707973","0.9876224965808252","0.9457023636363635"
"533","0.8817514878678884","0.9872899712677056","0.9455939999999998"
"534","0.87382791596325","0.9869663859886216","0.9454566363636363"
"535","0.874041733797279","0.9868047097755764","0.9453218181818182"
"536","0.8818954365370268","0.9860188529929886","0.9451805454545453"
"537","0.8817747556322335","0.9869172613485688","0.9450328181818182"
"538","0.8738928754994778","0.987416005284551","0.9449363636363636"
"539","0.8740562738757912","0.9864860838974008","0.9448063636363636"
"540","0.8816689914082684","0.9873838095075071","0.9446751818181817"
"541","0.8739606083770912","0.986774869689633","0.9446078181818182"
"542","0.8740299786281605","0.9861397141526611","0.944441818181818"
"543","0.8737752744645403","0.9868734815647623","0.9443400909090908"
"544","0.8740693198937255","0.9869122900272966","0.9442035454545453"
"545","0.873991068225887","0.9856485977214209","0.944128818181818"
"546","0.8737107255472291","0.9868802839295857","0.9439916363636363"
"547","0.87394209344814","0.9866410118949452","0.9439726363636363"
"548","0.8816396545320456","0.987505541394558","0.9438389090909091"
"549","0.8739021765029876","0.9861790814936827","0.9437529999999998"
"550","0.8739689776679058","0.9865023359357722","0.9435866363636364"
"551","0.8742113427151711","0.9863973205865836","0.9434952727272726"
"552","0.8744153258995166","0.9873445995698609","0.9434439999999998"
"553","0.8744485625485158","0.9872768206984416","0.9433383636363636"
"554","0.8746417436780254","0.9870199732653696","0.9432071818181816"
"555","0.8824153019499235","0.987715223156337","0.9431497272727271"
"556","0.8823353273839663","0.9871995652608321","0.9430653636363635"
"557","0.8746144188861118","0.9886086200476589","0.9430015454545454"
"558","0.8744554225275728","0.9874252187680472","0.942843909090909"
"559","0.8745797444010008","0.9869282892323646","0.9427452727272726"
"560","0.8823260018805534","0.9868778861920746","0.9424905454545454"
"561","0.8741335374132596","0.9883878188441214","0.9424625454545453"
"562","0.8742797598995568","0.988340472016031","0.9424016363636363"
"563","0.8820378809043767","0.9873355332170813","0.9423477272727272"
"564","0.8740212791870423","0.9879875839962927","0.942205909090909"
"565","0.8820981466571526","0.9874880249180961","0.9421543636363635"
"566","0.8819149174015313","0.9882243264514788","0.9420336363636364"
"567","0.8741507738451032","0.9891134245870259","0.9419652727272726"
"568","0.8741786489349146","0.9875842083200168","0.9418372727272727"
"569","0.8743284819477438","0.985934563252339","0.9417169090909091"
"570","0.8821778904123624","0.9872131438709093","0.94169"
"571","0.8742759060852553","0.9859945451738513","0.9415556363636363"
"572","0.8740424770773753","0.9860237782675303","0.9414620909090908"
"573","0.8820290549684344","0.9880288076137981","0.9413068181818182"
"574","0.8747819358184836","0.9871417548459359","0.9411721818181816"
"575","0.8743630005639993","0.98682433153707","0.9410126363636363"
"576","0.8743209399180975","0.9880266570351368","0.9409609999999998"
"577","0.8741874448853255","0.9881477307598286","0.9408644545454544"
"578","0.8742853963414864","0.988152588132868","0.9407007272727271"
"579","0.8743006072633143","0.9875418257921295","0.9405318181818182"
"580","0.8740133280021584","0.9870396705067664","0.9404331818181818"
"581","0.8741599154407612","0.9861314451514316","0.9402766363636363"
"582","0.8741994865691542","0.98776772879847","0.9402377272727271"
"583","0.8742522592587832","0.9881353690725199","0.9401825454545454"
"584","0.8741868155518776","0.9869678040533088","0.9400591818181818"
"585","0.8743321995571964","0.9883841188757595","0.9399817272727272"
"586","0.8744925097235369","0.9868558505046651","0.9398042727272726"
"587","0.8746892897273182","0.9879277443719153","0.9397158181818182"
"588","0.8745785420761699","0.9876535010240941","0.9396163636363637"
"589","0.8744197211094974","0.9879075479729376","0.9393931818181818"
"590","0.8743825747004291","0.987682350767292","0.9393249090909092"
"591","0.874523008542777","0.9863972416734441","0.9391768181818181"
"592","0.8743594952337371","0.9870373054656744","0.9389584545454543"
"593","0.8664930307177661","0.9869360378946931","0.938779909090909"
"594","0.8663183331843205","0.9878221980046114","0.9386992727272726"
"595","0.874247460189071","0.9871089767876913","0.938583909090909"
"596","0.8739523286502539","0.9865033982924852","0.9384879999999999"
"597","0.8738857940229054","0.9865985467402593","0.9383598181818181"
"598","0.8739599218363263","0.9868510570211141","0.9381976363636363"
"599","0.8740524276729933","0.9871890784162544","0.9380776363636363"
"600","0.8661144238644508","0.9866985056963242","0.9379688181818181"
"601","0.8660316233029789","0.9866917548631102","0.9378160909090909"
"602","0.8663750655123194","0.9867918483663125","0.9376444545454544"
"603","0.8663010711598222","0.9868541815184013","0.9375739999999999"
"604","0.8662114574653323","0.9869491099963428","0.9373195454545454"
"605","0.8584334725109689","0.9856722865587945","0.9372440909090908"
"606","0.8662612575445571","0.9858002285979285","0.9370661818181818"
"607","0.866359725216438","0.9880363860745816","0.936922090909091"
"608","0.8584547442831012","0.9864810806335822","0.9368141818181818"
"609","0.8659201346061834","0.9855418682649115","0.9366329999999999"
"610","0.8581392841682652","0.9859631018648776","0.9364893636363635"
"611","0.8657787645958269","0.9859590429024097","0.936361"
"612","0.8659608665367406","0.9861202246962538","0.9361760909090908"
"613","0.8661975800066888","0.9869264990710931","0.9360693636363635"
"614","0.8662182931806509","0.9869974414522166","0.9359362727272726"
"615","0.8662878755921","0.9865764050465166","0.9357440909090908"
"616","0.8664194187487353","0.9873681990201797","0.9356366363636364"
"617","0.8661423197643122","0.9870169420748145","0.935479"
"618","0.8581277766351739","0.9866641610462711","0.9352704545454545"
"619","0.8581422995479695","0.9858461340145586","0.9351384545454545"
"620","0.858694553212746","0.9858815231594363","0.9349084545454545"
"621","0.8586210012483078","0.9866862275590937","0.9348157272727272"
"622","0.8585422961570762","0.9858177557082829","0.934626"
"623","0.8662089845800478","0.9856801650219666","0.934482909090909"
"624","0.858608436075605","0.9860561003856829","0.9343615454545454"
"625","0.8583730352593073","0.9855168390340416","0.9340999090909091"
"626","0.8582584330621472","0.9847767611377682","0.93399"
"627","0.8580681790091734","0.9847541672328559","0.9337789999999999"
"628","0.8583847866566625","0.9851023111693124","0.9335698181818182"
"629","0.8583035228957214","0.9860103317184014","0.9334356363636362"
"630","0.8583115923512045","0.9850014209397265","0.9332787272727272"
"631","0.8583437260742927","0.9844908604033246","0.9331049999999999"
"632","0.8584997937154903","0.9853067313756642","0.93296"
"633","0.858683447612014","0.9849677434480495","0.9327772727272726"
"634","0.8583801226775836","0.9835361112815878","0.9325651818181818"
"635","0.8504246364523779","0.9860992989784225","0.9323401818181818"
"636","0.8503254072854859","0.9852724068453308","0.9321354545454545"
"637","0.8502536385388737","0.9855832358743002","0.9319772727272726"
"638","0.8505444578484921","0.9846670945501061","0.9317966363636363"
"639","0.8503909796825868","0.9849908106698616","0.9315201818181816"
"640","0.8503220469456408","0.9844102715407438","0.9314306363636362"
"641","0.8504721654856149","0.9843419795559832","0.9311956363636362"
"642","0.8584888465077696","0.9843286369192102","0.9308676363636363"
"643","0.8506112813536617","0.98291784418009","0.9307510909090908"
"644","0.850678984099665","0.9854104764344035","0.9305173636363636"
"645","0.85070483403558","0.9842330912664702","0.930364818181818"
"646","0.8582827725268187","0.9830439507697346","0.9301749090909089"
"647","0.8505680943096827","0.9844370062424218","0.9299866363636363"
"648","0.850411991016262","0.9833574953270724","0.929715"
"649","0.850308846348049","0.9849544145635172","0.9295239999999999"
"650","0.8427293181874331","0.985027476877487","0.9293055454545454"
"651","0.8504562556376704","0.9843759827392752","0.9290975454545455"
"652","0.8504606343044178","0.9848341984731613","0.9288644545454545"
"653","0.8426420433704412","0.9834861835038085","0.9286398181818182"
"654","0.8431842308321983","0.9832230351380697","0.9284005454545454"
"655","0.850446094935948","0.9829228382312701","0.928123"
"656","0.850802993755337","0.982795500471498","0.9278824545454544"
"657","0.8428838199614724","0.9825422096729809","0.9276592727272727"
"658","0.8508749916225096","0.982697823669297","0.9275195454545454"
"659","0.8429397932700403","0.9822819294746158","0.9272662727272727"
"660","0.8428186643881175","0.9819507253583553","0.9269371818181816"
"661","0.8430948285742299","0.981924285419797","0.9266233636363636"
"662","0.8428236204007429","0.9828949589390781","0.9262882727272725"
"663","0.8428733609955581","0.9808743221642999","0.9260946363636362"
"664","0.8426324771396702","0.981232583044365","0.9257957272727272"
"665","0.8346959609891014","0.9784910886282329","0.9244577272727271"
"666","0.8426026552466213","0.9804927919565485","0.9252912727272726"
"667","0.834786147698615","0.9803752442740512","0.9249897272727271"
"668","0.8427107396288159","0.9807954591761655","0.9247533636363635"
"669","0.8427176950710226","0.9817105138981858","0.9245561818181817"
"670","0.8347612787273648","0.9801737076829605","0.9241811818181818"
"671","0.8347880334349596","0.9818793510799014","0.9239379999999998"
"672","0.8349695443318439","0.9802366444485333","0.9236313636363634"
"673","0.8267577691132446","0.9804385870426189","0.9232555454545452"
"674","0.8271029711335351","0.981762593190348","0.9230346363636363"
"675","0.8348819397568832","0.9802611394009976","0.9227467272727272"
"676","0.8349275292949166","0.9814783533868923","0.922451909090909"
"677","0.8347660560824117","0.9818139851205897","0.9221700909090909"
"678","0.8270430070623137","0.980793875431268","0.921821909090909"
"679","0.8270129891508193","0.9794452670420145","0.921526"
"680","0.8271883174869089","0.9802436038235057","0.9211850909090908"
"681","0.8271660467507728","0.9797734417844122","0.9208973636363635"
"682","0.8348894638475948","0.9789478855762652","0.9205214545454545"
"683","0.8269219395256681","0.9786073882640687","0.9201472727272727"
"684","0.8271975206011484","0.9793445065954364","0.9197343636363635"
"685","0.8271881632795106","0.9799666829245535","0.919505"
"686","0.8269683986975902","0.9794849364644241","0.9191539999999999"
"687","0.8269712601340914","0.9792032524989491","0.9188866363636362"
"688","0.8270503487618484","0.9784593009527417","0.9185484545454544"
"689","0.8271004288861178","0.9793588267632124","0.9181523636363635"
"690","0.8270291936731308","0.9782069460617843","0.9177752727272727"
"691","0.8269683854926013","0.9788509630945038","0.9175300909090909"
"692","0.8190494116474375","0.9787238441354404","0.9171642727272726"
"693","0.8268471814894943","0.9776735101760224","0.9168348181818181"
"694","0.819058461492376","0.9770750511939185","0.9164243636363635"
"695","0.8188600848879887","0.9783935828845024","0.9161074545454545"
"696","0.8188532540490372","0.9774430071318917","0.915784"
"697","0.8195099964295682","0.9769179880977455","0.9153347272727272"
"698","0.8193635254387084","0.9776498571692678","0.9149375454545454"
"699","0.811504645891007","0.9769531284708916","0.9145448181818181"
"700","0.8115030355972614","0.9749581034020559","0.914122"
"701","0.8190922962825187","0.9767116552938524","0.9136972727272726"
"702","0.8114034681242943","0.9760198912053493","0.9132947272727273"
"703","0.8111306143661716","0.9756204066707294","0.9128525454545454"
"704","0.8189895197143217","0.9750252407950878","0.9124721818181818"
"705","0.8108526272021874","0.9760585394267943","0.9120518181818181"
"706","0.8109174362849648","0.9758786090578682","0.911648909090909"
"707","0.8109702900776137","0.9755366143230678","0.9111147272727271"
"708","0.8032209140674959","0.9754390420933647","0.9106957272727272"
"709","0.8109888111682578","0.9763572695906237","0.9102936363636362"
"710","0.8031180815151228","0.9744039708740235","0.9098577272727272"
"711","0.8033817153722378","0.9749480637961266","0.9093492727272727"
"712","0.8036343252222227","0.9739317588363096","0.9089649272727272"
"713","0.8034640724816414","0.9748176105948722","0.9084660363636363"
"714","0.8029826372659792","0.9743013651068609","0.9080153727272726"
"715","0.8033672439361252","0.9730095486779019","0.9075264"
"716","0.8029364659376523","0.9727589422687418","0.9070787636363635"
"717","0.8028131684976588","0.9716716347563151","0.9065516454545454"
"718","0.802956068038919","0.9737031595840447","0.906041809090909"
"719","0.8029545361376248","0.9725339071154243","0.9056719363636363"
"720","0.8029837969014156","0.973287786480172","0.9051059636363635"
"721","0.803198862757734","0.9720423505557834","0.9046370363636363"
"722","0.8031778745370458","0.9724587787688811","0.9040779999999999"
"723","0.8027133393364784","0.9736346580204579","0.903608418181818"
"724","0.8028183420619995","0.9714574582851423","0.9030495454545454"
"725","0.7954145575769968","0.9726044796079899","0.9026026181818181"
"726","0.7950639362763466","0.9728736342717273","0.9020603818181817"
"727","0.7954206630189079","0.9728490750428378","0.9015136454545454"
"728","0.7954087552386878","0.9719726413402663","0.9009179727272727"
"729","0.7957214520301428","0.9715806312274535","0.9003827818181818"
"730","0.7955888342914081","0.9707065686081322","0.8997929636363635"
"731","0.7952589384625417","0.9693782399595472","0.8993594727272727"
"732","0.7955634774165065","0.9708672311084952","0.8987942636363636"
"733","0.7952460088710264","0.970346023800086","0.8982710363636363"
"734","0.7954123348310308","0.9697258775672771","0.8976529909090909"
"735","0.7877082581869692","0.9686655246995555","0.8970657818181818"
"736","0.7877852373517079","0.9687161069177953","0.8965202363636363"
"737","0.7877339581848762","0.9688708569659702","0.8958896727272726"
"738","0.7875457793033178","0.9685560262933619","0.8952541818181817"
"739","0.7879603072226895","0.9686329458418588","0.894687609090909"
"740","0.7871155709934349","0.9691529968917862","0.8940709181818182"
"741","0.7879017401717109","0.9684511934931445","0.8934247454545454"
"742","0.7799198400603562","0.9667929324295812","0.892716809090909"
"743","0.7801150720824928","0.9664300065395977","0.8921287272727272"
"744","0.7716713500659571","0.9652574912226835","0.891362809090909"
"745","0.7716181216374615","0.9668698142038433","0.8906721"
"746","0.7715625628816274","0.9647685098477684","0.8900018181818181"
"747","0.7718947473362776","0.9646751458842606","0.8893208636363635"
"748","0.7718067854543972","0.9635984988493932","0.8886236999999999"
"749","0.7716399352294212","0.9642869940866008","0.8878915454545453"
"750","0.7717302668999462","0.9639858080242757","0.8872316636363636"
"751","0.771728605018841","0.9624509630292771","0.8864302"
"752","0.7721743824465271","0.9635831414561563","0.8857772545454544"
"753","0.7721982516351178","0.9620842485057562","0.8850845454545454"
"754","0.763833162011859","0.9622473543560642","0.8842933181818181"
"755","0.7717448384009454","0.9601076596180962","0.8835973545454544"
"756","0.7640282302253633","0.9615065890462036","0.8826885454545453"
"757","0.7640751671199957","0.9617409842293373","0.8820217272727272"
"758","0.763993796821379","0.9597505596368712","0.881242809090909"
"759","0.7638520174120276","0.9590452152872436","0.8803512818181818"
"760","0.7561500361071944","0.9598267357548229","0.8795078818181817"
"761","0.7561904641218988","0.9591845921633265","0.8786653909090909"
"762","0.7560086402099051","0.9574490786352857","0.8778063272727272"
"763","0.7563927660019336","0.9569452323617084","0.876857209090909"
"764","0.7558322795101527","0.9553827028733997","0.8760513545454545"
"765","0.7484499484477226","0.9539844246254294","0.8751534909090908"
"766","0.748403511230054","0.9526610102170157","0.8741730999999999"
"767","0.7487386052861178","0.9515556477898847","0.8732389363636363"
"768","0.7485651973009825","0.9502281954000966","0.8722302090909091"
"769","0.7400681664686148","0.951635849115126","0.8712558818181817"
"770","0.739966934303474","0.9492788933322508","0.8703776909090908"
"771","0.7399717673557509","0.949598618445386","0.8693898818181818"
"772","0.7403257746054279","0.9487017739286275","0.8683528727272726"
"773","0.7324662399231684","0.9475714107959933","0.867299109090909"
"774","0.7324594042485443","0.947570190986066","0.8662477363636363"
"775","0.7249693388646481","0.9456417129352102","0.8652092090909089"
"776","0.7325634502906645","0.9434566141326896","0.8641371363636362"
"777","0.7249737594211804","0.9437935462579308","0.8629505727272726"
"778","0.717082310799478","0.9409730963288708","0.8619916454545454"
"779","0.7248966304636186","0.9404046125719002","0.8608279454545453"
"780","0.7163416307525982","0.939002212424102","0.8597657909090909"
"781","0.7167957814465258","0.9390296651586103","0.8585724545454545"
"782","0.7165550110318604","0.9390786299899243","0.8574848818181817"
"783","0.7167934434282188","0.9367769365236223","0.8563162545454545"
"784","0.7086918293292394","0.9359699455846314","0.8551109363636363"
"785","0.7091185047074874","0.9364928087070667","0.8539860909090908"
"786","0.7088325709347393","0.934495775549488","0.8527917181818181"
"787","0.7090151398720569","0.9333292395483062","0.8515915"
"788","0.7010192654660923","0.9324216076815612","0.850429209090909"
"789","0.7088076160269954","0.9315660269113275","0.8492246545454545"
"790","0.7010877205703124","0.9321099987486917","0.8479462454545454"
"791","0.7007240086841491","0.9291330941902423","0.8467822181818181"
"792","0.693291496944808","0.9285927721619782","0.845452009090909"
"793","0.6932717764762535","0.9288898547484362","0.8442286999999999"
"794","0.6932405552815794","0.9263432654777343","0.8430037727272727"
"795","0.693012851150627","0.9255023906974349","0.8416875363636364"
"796","0.693037651401802","0.9231168057300465","0.840414109090909"
"797","0.6849427379891732","0.921955588984924","0.8391528272727272"
"798","0.6855074772255701","0.9219223588629675","0.8379159727272727"
"799","0.6857484294653045","0.9217601137167881","0.8367325"
"800","0.6778553733362335","0.9196312644908875","0.835355409090909"
"801","0.6855609710726552","0.916956592373397","0.8341161272727272"
"802","0.6773540906765817","0.9154171033665659","0.8327692727272726"
"803","0.6774520903439023","0.9140218229488073","0.8315408727272726"
"804","0.6696582276927225","0.9136104641317797","0.8301741454545454"
"805","0.6696921005040213","0.912567821347591","0.8288013909090908"
"806","0.6694897781814886","0.9110009614673352","0.8274317909090909"
"807","0.6693355860105094","0.907395130919591","0.8261419999999999"
"808","0.6616577143417145","0.9079546557953312","0.8248312909090908"
"809","0.6612648985572992","0.9058390121676653","0.823484009090909"
"810","0.6612889343177035","0.9032946307545396","0.8221153272727272"
"811","0.6535995089785311","0.9054309901885176","0.8209315181818181"
"812","0.6542652339505539","0.9023388118948844","0.8196033090909091"
"813","0.6535235190272404","0.8998026722403402","0.818282418181818"
"814","0.6458374229901389","0.9011180466556324","0.8169467909090908"
"815","0.6459347643401145","0.8982672730932126","0.8156010818181818"
"816","0.645303207405901","0.896578739211827","0.8141982545454545"
"817","0.6374796402033256","0.895427880222043","0.8129257545454545"
"818","0.6380269899447181","0.8951803352526753","0.8115983545454545"
"819","0.6300019344698846","0.891364241555831","0.8101748363636363"
"820","0.6296938625078268","0.8892023603925814","0.8087991545454545"
"821","0.6302362022995284","0.8909881558722179","0.8074670454545454"
"822","0.6290404273919109","0.8872131468350934","0.8061239909090909"
"823","0.6216259118815219","0.8891449287021652","0.8047539545454545"
"824","0.6219620224258436","0.8907995119112446","0.8033260454545453"
"825","0.6214038673312788","0.888462038125715","0.8020385272727272"
"826","0.6210248019149656","0.8901635258923312","0.8008554272727273"
